Rk,Player,Pos,Age,Tm,G,GS,MP,FG,FGA,FG%,3P,3PA,3P,2P,2PA,2P,FT,FTA,FT%,ORB,DRB,TRB,AST,STL,BLK,TOV,PF,PTS
1,Jordan Mickey,PF,21,BOS,2,0,5,7.2,14.4,.500,0.0,0.0,,7.2,14.4,.500,21.6,21.6,1.000,14.4,7.2,21.6,7.2,0.0,7.2,0.0,7.2,36.0
2,Andre Drummond,C,22,DET,7,7,262,7.8,14.7,.533,0.0,0.0,,7.8,14.7,.533,3.0,7.4,.407,6.6,12.2,18.8,0.8,1.8,1.8,2.3,3.2,18.7
3,Robert Sacre,C,26,LAL,1,0,4,9.0,27.0,.333,0.0,0.0,,9.0,27.0,.333,0.0,0.0,,9.0,9.0,18.0,0.0,0.0,0.0,9.0,0.0,18.0
4,Jarnell Stokes,F-C,22,MEM,2,0,4,0.0,0.0,,0.0,0.0,,0.0,0.0,,0.0,0.0,,9.0,9.0,18.0,0.0,0.0,0.0,0.0,0.0,0.0
5,Walter Tavares,C,23,ATL,2,0,2,0.0,0.0,,0.0,0.0,,0.0,0.0,,18.0,36.0,.500,18.0,0.0,18.0,0.0,0.0,0.0,0.0,18.0,18.0
6,Boban Marjanovic,C,27,SAS,4,0,13,11.1,24.9,.444,0.0,0.0,,11.1,24.9,.444,8.3,11.1,.750,11.1,5.5,16.6,2.8,0.0,0.0,5.5,8.3,30.5
7,Dwight Howard,C,30,HOU,4,4,117,8.6,13.5,.636,0.0,0.0,,8.6,13.5,.636,3.7,6.5,.571,5.8,9.2,15.1,2.2,0.9,1.8,4.0,4.9,20.9
8,DeJuan Blair,C,26,WAS,3,0,29,2.5,12.4,.200,0.0,0.0,,2.5,12.4,.200,0.0,0.0,,7.4,7.4,14.9,0.0,2.5,0.0,7.4,16.1,5.0
9,DeAndre Jordan,C,27,LAC,7,7,224,4.7,6.1,.763,0.0,0.0,,4.7,6.1,.763,2.1,6.1,.342,3.2,11.7,14.9,1.3,0.3,4.3,1.8,3.4,11.4
10,Enes Kanter,C,23,OKC,8,0,173,8.9,15.6,.573,0.2,0.2,1.000,8.7,15.4,.568,2.5,2.9,.857,5.4,9.4,14.8,1.7,0.0,0.8,2.9,5.0,20.6
11,DeMarcus Cousins,PF,25,SAC,4,4,110,8.5,22.9,.371,1.3,4.6,.286,7.2,18.3,.393,10.1,13.7,.738,3.9,10.8,14.7,3.3,1.0,1.3,4.6,4.6,28.5
12,Thomas Robinson,PF,24,BRK,7,0,92,4.3,7.8,.550,0.0,0.0,,4.3,7.8,.550,1.6,3.5,.444,4.3,10.2,14.5,1.2,1.2,2.0,3.1,3.1,10.2
13,Udonis Haslem,PF,35,MIA,3,0,15,7.2,12.0,.600,0.0,2.4,.000,7.2,9.6,.750,0.0,0.0,,0.0,14.4,14.4,2.4,2.4,0.0,2.4,4.8,14.4
14,Tyson Chandler,C,33,PHO,7,7,196,2.9,6.1,.485,0.0,0.2,.000,2.9,5.9,.500,3.1,4.6,.680,4.0,9.9,14.0,0.7,1.1,0.7,1.7,3.5,9.0
15,Hassan Whiteside,C,26,MIA,8,8,235,8.3,12.9,.643,0.0,0.0,,8.3,12.9,.643,2.1,3.5,.609,3.4,10.6,13.9,0.5,0.8,4.7,2.8,2.5,18.7
16,Alex Len,C,22,PHO,7,0,103,5.6,12.6,.444,0.0,0.0,,5.6,12.6,.444,4.9,6.6,.737,4.5,9.1,13.6,0.7,1.7,0.7,4.9,4.2,16.1
17,Zaza Pachulia,C,31,DAL,7,7,175,3.9,10.1,.388,0.0,0.0,,3.9,10.1,.388,6.4,7.0,.912,4.7,8.8,13.6,1.9,1.4,0.6,2.1,3.5,14.2
18,Tristan Thompson,PF,24,CLE,8,0,204,4.8,7.4,.643,0.0,0.0,,4.8,7.4,.643,1.9,3.4,.579,3.5,10.1,13.6,0.9,0.5,1.4,0.9,3.4,11.5
19,Bismack Biyombo,C,23,TOR,8,0,130,3.6,9.1,.394,0.0,0.0,,3.6,9.1,.394,3.0,4.7,.647,5.8,7.5,13.3,0.6,0.6,2.2,1.9,6.9,10.2
20,Andrew Bogut,C,31,GSW,2,1,38,9.5,12.3,.769,0.0,0.0,,9.5,12.3,.769,0.0,0.0,,5.7,7.6,13.3,6.6,0.0,1.9,0.9,4.7,18.9
21,Drew Gooden,PF,34,WAS,5,0,73,3.0,12.3,.240,1.0,4.9,.200,2.0,7.4,.267,1.0,1.0,1.000,5.4,7.9,13.3,1.5,1.5,2.0,1.0,3.0,7.9
22,Tarik Black,C,24,LAL,5,0,71,4.6,8.1,.563,0.0,0.0,,4.6,8.1,.563,3.0,6.1,.500,3.0,10.1,13.2,0.5,0.5,0.5,2.5,8.6,12.2
23,Jared Sullinger,PF,23,BOS,6,3,128,8.4,15.8,.536,2.0,4.2,.467,6.5,11.5,.561,0.6,0.8,.667,5.1,8.2,13.2,3.7,2.0,2.0,1.7,5.3,19.4
24,Kenneth Faried,PF,26,DEN,7,7,194,7.6,12.8,.594,0.0,0.0,,7.6,12.8,.594,2.8,4.6,.600,4.5,8.5,13.0,1.5,0.6,1.1,2.2,3.2,18.0
25,Ed Davis,PF,26,POR,8,0,167,3.4,5.8,.593,0.0,0.0,,3.4,5.8,.593,2.4,5.2,.458,3.4,9.5,12.9,1.5,1.1,1.1,1.3,5.2,9.3
26,Karl-Anthony Towns,C,20,MIN,7,7,203,8.0,16.3,.489,0.2,0.7,.250,7.8,15.6,.500,3.7,4.1,.913,3.0,9.9,12.9,1.6,0.4,3.7,2.1,4.4,19.9
27,Rudy Gobert,C,23,UTA,7,7,234,3.7,7.5,.490,0.0,0.0,,3.7,7.5,.490,2.0,3.7,.542,4.0,8.8,12.8,2.2,0.6,3.4,2.3,3.1,9.4
28,Kevin Love,PF,27,CLE,8,8,271,6.6,16.3,.407,2.4,7.6,.316,4.3,8.8,.485,3.1,3.2,.958,3.5,9.3,12.8,2.9,0.5,0.8,2.3,1.7,18.7
29,Jason Thompson,C,29,GSW,4,0,31,5.8,10.5,.556,0.0,0.0,,5.8,10.5,.556,0.0,0.0,,3.5,9.3,12.8,2.3,2.3,1.2,3.5,5.8,11.6
30,Dwight Powell,PF,24,DAL,7,0,153,7.8,14.6,.532,0.0,0.0,,7.8,14.6,.532,2.8,5.2,.545,2.8,9.9,12.7,2.1,0.7,1.2,0.9,5.4,18.4
31,Brandon Rush,SG,30,GSW,5,0,34,3.2,12.7,.250,1.1,5.3,.200,2.1,7.4,.286,2.1,4.2,.500,1.1,11.6,12.7,3.2,1.1,0.0,2.1,1.1,9.5
32,Clint Capela,C,21,HOU,7,3,132,7.4,9.3,.794,0.0,0.0,,7.4,9.3,.794,1.6,2.7,.600,4.1,8.5,12.5,1.1,1.1,3.5,1.9,5.5,16.4
33,Tim Duncan,C,39,SAS,7,7,193,5.0,9.7,.519,0.0,0.2,.000,5.0,9.5,.529,4.1,5.0,.815,2.4,10.1,12.5,3.9,0.6,1.1,3.2,3.9,14.2
34,Joakim Noah,C,30,CHI,7,0,144,1.7,5.5,.318,0.0,0.0,,1.7,5.5,.318,0.7,2.5,.300,3.7,8.7,12.5,6.2,1.2,1.2,3.7,5.2,4.2
35,Kristaps Porzingis,PF,20,NYK,8,8,190,6.3,16.5,.379,0.9,4.4,.217,5.3,12.1,.438,4.4,5.3,.821,5.3,7.2,12.5,1.1,1.7,1.7,2.7,6.1,17.8
36,Marreese Speights,PF,28,GSW,8,0,92,6.7,19.6,.340,0.4,1.2,.333,6.3,18.4,.340,4.3,5.5,.786,4.3,8.2,12.5,2.0,0.8,1.6,2.7,5.1,18.0
37,Jonas Valanciunas,C,23,TOR,8,8,230,7.2,11.6,.622,0.0,0.0,,7.2,11.6,.622,4.4,5.5,.800,3.4,9.1,12.5,0.5,0.5,0.8,2.0,3.8,18.8
38,Jordan Hill,PF,28,IND,7,3,173,5.4,14.2,.382,0.0,0.0,,5.4,14.2,.382,1.9,2.5,.750,5.0,7.1,12.1,1.7,1.5,0.2,2.1,3.7,12.7
39,Kevin Garnett,PF,39,MIN,6,6,93,2.3,7.0,.333,0.0,0.0,,2.3,7.0,.333,0.8,2.3,.333,0.4,11.6,12.0,2.7,1.5,0.8,0.4,3.9,5.4
40,Chuck Hayes,C,32,HOU,2,0,24,1.5,3.0,.500,0.0,0.0,,1.5,3.0,.500,3.0,3.0,1.000,0.0,12.0,12.0,3.0,0.0,0.0,4.5,9.0,6.0
41,Joffrey Lauvergne,C,24,DEN,3,3,57,7.6,11.4,.667,1.9,2.5,.750,5.7,8.8,.643,3.2,3.2,1.000,4.4,7.6,12.0,3.8,0.6,0.6,1.3,5.7,20.2
42,Tibor Pleiss,C,26,UTA,2,0,3,12.0,12.0,1.000,0.0,0.0,,12.0,12.0,1.000,0.0,0.0,,0.0,12.0,12.0,0.0,0.0,0.0,0.0,24.0,24.0
43,Kyle O'Quinn,PF,25,NYK,8,0,139,6.2,12.7,.490,0.0,0.8,.000,6.2,11.9,.522,1.8,2.6,.700,4.9,7.0,11.9,2.8,1.0,2.8,2.6,4.4,14.2
44,J.J. Hickson,C,27,DEN,5,3,89,8.5,12.9,.656,0.0,0.0,,8.5,12.9,.656,3.2,8.9,.364,2.4,9.3,11.7,1.6,0.4,2.8,2.4,4.9,20.2
45,Luis Scola,PF,35,TOR,8,8,177,5.3,12.8,.413,0.8,1.6,.500,4.5,11.2,.400,1.2,1.6,.750,3.1,8.5,11.6,2.2,1.4,0.4,1.8,2.2,12.6
46,Festus Ezeli,C,26,GSW,8,7,163,7.1,12.4,.571,0.0,0.0,,7.1,12.4,.571,3.5,6.4,.552,4.0,7.3,11.3,2.0,0.7,3.1,2.0,4.4,17.7
47,JaMychal Green,PF,25,MEM,8,0,115,5.3,12.5,.425,0.9,1.9,.500,4.4,10.6,.412,3.1,4.4,.714,4.1,7.2,11.3,0.9,0.9,0.6,1.6,4.7,14.7
48,LaMarcus Aldridge,PF,30,SAS,7,7,206,7.3,16.1,.457,0.0,0.7,.000,7.3,15.4,.477,3.8,4.5,.846,2.6,8.6,11.2,2.4,0.3,0.9,2.3,2.8,18.5
49,Chris Andersen,C,37,MIA,2,0,13,2.8,2.8,1.000,0.0,0.0,,2.8,2.8,1.000,2.8,5.5,.500,2.8,8.3,11.1,0.0,0.0,0.0,5.5,2.8,8.3
50,Chris Bosh,PF,31,MIA,8,8,256,6.9,15.5,.445,2.1,5.3,.395,4.8,10.1,.472,4.6,5.6,.825,1.3,9.8,11.1,1.5,1.1,0.8,0.7,1.7,20.5
51,Jon Leuer,PF,26,PHO,7,0,108,5.7,12.0,.472,2.3,4.3,.538,3.3,7.7,.435,1.3,2.7,.500,2.3,8.7,11.0,2.3,0.7,0.3,1.0,5.0,15.0
52,Josh Smith,PF,30,LAC,7,0,96,4.1,11.6,.355,1.1,3.4,.333,3.0,8.2,.364,2.6,4.5,.583,3.0,7.9,10.9,4.1,0.4,4.1,4.1,4.9,12.0
53,Cameron Bairstow,C,25,CHI,2,0,10,3.6,14.4,.250,0.0,7.2,.000,3.6,7.2,.500,0.0,0.0,,3.6,7.2,10.8,0.0,0.0,0.0,0.0,10.8,7.2
54,Dewayne Dedmon,C,26,ORL,7,3,150,3.6,7.7,.469,0.0,0.0,,3.6,7.7,.469,3.1,3.8,.813,2.9,7.9,10.8,0.5,1.4,3.1,1.2,6.0,10.3
55,Derrick Favors,PF,24,UTA,7,7,210,7.2,14.6,.494,0.0,0.0,,7.2,14.6,.494,3.6,5.7,.636,3.3,7.5,10.8,1.5,2.7,1.2,1.7,3.1,18.0
56,Nerlens Noel,PF,21,PHI,6,6,194,5.9,14.1,.421,0.0,0.0,,5.9,14.1,.421,1.7,2.8,.600,3.5,7.2,10.8,1.7,1.9,2.0,3.5,3.3,13.5
57,Anderson Varejao,C,33,CLE,7,0,60,3.0,8.4,.357,0.0,0.6,.000,3.0,7.8,.385,1.2,1.2,1.000,3.0,7.8,10.8,1.2,1.2,1.2,3.0,4.2,7.2
58,Pau Gasol,C,35,CHI,8,8,242,7.1,15.6,.457,0.0,0.7,.000,7.1,14.9,.480,2.2,3.0,.750,2.2,8.5,10.7,2.2,1.0,2.8,1.3,2.2,16.5
59,David Lee,PF,32,BOS,6,3,111,4.9,12.0,.405,0.0,0.0,,4.9,12.0,.405,3.6,4.2,.846,3.9,6.8,10.7,3.9,0.6,1.0,2.6,4.2,13.3
60,Aron Baynes,C,29,DET,7,0,78,4.2,8.3,.500,0.0,0.0,,4.2,8.3,.500,2.8,3.7,.750,3.2,7.4,10.6,1.8,0.5,0.9,1.8,4.6,11.1
61,Alexis Ajinca,C,27,NOP,7,2,82,6.1,12.3,.500,0.0,0.0,,6.1,12.3,.500,1.3,1.3,1.000,5.3,5.3,10.5,1.3,1.3,1.8,1.3,4.4,13.6
62,Amir Johnson,PF,28,BOS,6,3,130,5.0,9.1,.545,0.6,1.9,.286,4.4,7.2,.615,2.5,3.3,.750,3.3,7.2,10.5,1.1,0.6,1.1,2.5,4.4,13.0
63,Kosta Koufos,PF,26,SAC,8,4,206,5.9,10.0,.596,0.0,0.0,,5.9,10.0,.596,0.2,0.7,.250,4.7,5.8,10.5,0.7,1.0,1.9,1.2,5.4,12.1
64,Mason Plumlee,C,25,POR,8,8,214,5.9,9.4,.625,0.0,0.0,,5.9,9.4,.625,1.9,5.4,.344,2.9,7.6,10.4,3.5,1.5,1.2,3.4,4.2,13.6
65,Julius Randle,PF,21,LAL,7,7,200,5.8,13.5,.427,0.0,0.4,.000,5.8,13.1,.438,3.4,5.8,.594,1.3,9.2,10.4,3.4,1.1,0.5,2.7,3.8,14.9
66,Kendrick Perkins,C,31,NOP,3,2,28,10.3,12.9,.800,0.0,0.0,,10.3,12.9,.800,0.0,0.0,,1.3,9.0,10.3,2.6,0.0,0.0,0.0,2.6,20.6
67,Zach Randolph,PF,34,MEM,8,8,248,7.3,14.5,.500,0.0,0.1,.000,7.3,14.4,.505,2.0,2.6,.778,2.8,7.5,10.3,1.9,0.9,0.0,2.3,2.3,16.5
68,Channing Frye,C,32,ORL,3,0,46,5.5,12.5,.438,3.9,11.0,.357,1.6,1.6,1.000,0.8,1.6,.500,1.6,8.6,10.2,0.8,0.0,0.0,2.3,6.3,15.7
69,Greg Monroe,C,25,MIL,8,8,264,7.8,14.3,.543,0.0,0.0,,7.8,14.3,.543,4.1,5.2,.789,3.1,7.1,10.2,3.5,1.6,1.2,2.0,2.9,19.6
70,Blake Griffin,PF,26,LAC,7,7,249,11.4,19.7,.581,0.0,0.4,.000,11.4,19.2,.594,6.1,7.5,.808,1.9,8.2,10.1,3.9,0.6,0.6,1.9,3.3,28.9
71,Charlie Villanueva,PF,31,DAL,6,0,94,7.3,18.4,.396,1.9,9.2,.208,5.4,9.2,.583,1.1,1.5,.750,0.8,9.2,10.0,1.1,0.4,0.8,1.1,5.0,17.6
72,Marvin Williams,PF,29,CHO,7,7,226,4.5,9.7,.459,2.1,4.9,.419,2.4,4.8,.500,1.0,1.1,.857,1.6,8.4,10.0,1.9,0.5,1.1,1.3,1.8,11.9
73,Lavoy Allen,PF,26,IND,7,2,139,2.3,7.8,.300,0.0,0.0,,2.3,7.8,.300,0.5,1.6,.333,3.4,6.5,9.8,2.6,0.3,1.0,1.8,3.4,5.2
74,Trey Lyles,PF,20,UTA,7,0,44,2.5,12.3,.200,0.8,1.6,.500,1.6,10.6,.154,1.6,3.3,.500,5.7,4.1,9.8,1.6,0.8,0.0,2.5,6.5,7.4
75,Eric Moreland,PF,24,SAC,3,0,11,3.3,6.5,.500,0.0,0.0,,3.3,6.5,.500,0.0,6.5,.000,3.3,6.5,9.8,0.0,0.0,3.3,0.0,0.0,6.5
76,Willie Cauley-Stein,C,22,SAC,8,5,175,4.5,6.4,.710,0.0,0.0,,4.5,6.4,.710,1.9,3.5,.529,3.7,6.0,9.7,0.8,1.9,1.6,1.2,4.5,10.9
77,Nene Hilario,PF,33,WAS,6,0,108,5.0,9.3,.536,0.0,0.0,,5.0,9.3,.536,3.0,6.0,.500,1.7,8.0,9.7,3.7,1.7,0.0,2.3,6.3,13.0
78,Adreian Payne,PF,24,MIN,4,1,41,7.0,10.5,.667,2.6,2.6,1.000,4.4,7.9,.556,1.8,1.8,1.000,1.8,7.9,9.7,2.6,0.9,0.9,3.5,8.8,18.4
79,Brandon Bass,PF,30,LAL,6,0,90,4.4,8.8,.500,0.0,0.0,,4.4,8.8,.500,3.2,3.6,.889,4.0,5.6,9.6,1.2,0.4,0.0,2.4,4.4,12.0
80,Tobias Harris,PF,23,ORL,8,8,240,6.8,14.7,.459,1.0,3.0,.350,5.7,11.7,.487,3.2,4.5,.700,3.0,6.6,9.6,2.5,0.6,0.5,2.7,3.0,17.7
81,Aaron Gordon,PF,20,ORL,8,0,148,6.1,12.6,.481,0.7,2.9,.250,5.4,9.7,.550,4.4,6.3,.692,4.1,5.4,9.5,1.7,1.0,1.7,2.4,3.9,17.3
82,Al Jefferson,C,31,CHO,7,7,185,9.5,17.7,.538,0.0,0.0,,9.5,17.7,.538,1.2,1.9,.600,2.3,7.2,9.5,1.8,0.8,1.4,1.0,2.9,20.2
83,Larry Nance Jr.,F,23,LAL,3,0,53,4.1,7.5,.545,0.0,0.0,,4.1,7.5,.545,1.4,2.7,.500,0.7,8.8,9.5,0.0,0.0,0.0,2.0,4.8,9.5
84,Marcin Gortat,C,31,WAS,7,7,195,4.8,10.2,.473,0.0,0.0,,4.8,10.2,.473,3.9,4.6,.840,1.8,7.6,9.4,2.2,0.7,1.5,3.1,2.8,13.5
85,Dirk Nowitzki,PF,37,DAL,7,7,188,8.8,17.0,.517,2.1,4.8,.440,6.7,12.3,.547,3.3,3.4,.944,0.8,8.6,9.4,2.5,0.8,0.4,1.1,1.5,23.0
86,Anthony Bennett,PF,22,TOR,5,0,35,1.0,7.2,.143,0.0,4.1,.000,1.0,3.1,.333,5.1,6.2,.833,3.1,6.2,9.3,0.0,3.1,0.0,3.1,6.2,7.2
87,Nemanja Bjelica,PF,27,MIN,7,0,201,3.6,7.2,.500,2.1,4.8,.444,1.4,2.3,.615,1.8,2.7,.667,1.3,8.1,9.3,3.8,0.7,0.5,1.8,3.9,11.1
88,Rondae Hollis-Jefferson,SF,21,BRK,7,2,128,3.1,6.2,.500,0.0,0.0,,3.1,6.2,.500,0.8,2.3,.375,2.5,6.8,9.3,2.8,2.5,0.8,1.7,3.1,7.0
89,Miles Plumlee,C,27,MIL,8,0,59,4.9,7.3,.667,0.0,0.0,,4.9,7.3,.667,1.2,1.2,1.000,3.7,5.5,9.2,1.2,0.6,3.7,4.9,7.9,11.0
90,Christian Wood,PF,20,PHI,6,0,39,5.5,14.8,.375,0.9,2.8,.333,4.6,12.0,.385,3.7,5.5,.667,4.6,4.6,9.2,0.9,0.9,0.0,0.9,1.8,15.7
91,Anthony Davis,PF,22,NOP,7,7,248,8.4,17.7,.475,0.7,2.2,.333,7.7,15.5,.495,6.8,9.4,.723,1.7,7.4,9.1,2.3,1.3,2.6,2.6,3.0,24.4
92,Al Horford,C,29,ATL,9,9,286,7.9,16.1,.492,1.0,3.8,.267,6.9,12.3,.561,2.0,2.3,.889,2.6,6.4,9.1,3.0,0.9,1.9,1.9,1.8,18.9
93,Ryan Kelly,PF,24,LAL,5,0,75,3.4,10.1,.333,0.5,3.8,.125,2.9,6.2,.462,1.4,1.9,.750,0.5,8.6,9.1,2.4,1.0,2.4,1.4,2.4,8.6
94,Nikola Vucevic,C,25,ORL,5,5,159,7.7,14.9,.515,0.0,0.0,,7.7,14.9,.515,2.5,2.9,.846,2.5,6.6,9.1,2.3,1.1,2.7,2.3,3.2,17.9
95,Thaddeus Young,PF,27,BRK,7,7,217,7.3,14.6,.500,0.2,0.8,.200,7.1,13.8,.518,0.3,1.0,.333,3.6,5.5,9.1,2.0,1.2,0.7,2.3,3.2,15.1
96,Troy Daniels,SG,24,CHO,3,0,12,3.0,15.0,.200,3.0,9.0,.333,0.0,6.0,.000,0.0,0.0,,0.0,9.0,9.0,3.0,0.0,0.0,3.0,3.0,9.0
97,John Henson,C,25,MIL,4,0,52,9.0,17.3,.520,0.0,0.0,,9.0,17.3,.520,4.2,6.2,.667,6.2,2.8,9.0,2.1,1.4,3.5,3.5,4.8,22.2
98,Shelvin Mack,PG,25,ATL,1,0,8,0.0,9.0,.000,0.0,0.0,,0.0,9.0,.000,0.0,0.0,,0.0,9.0,9.0,0.0,0.0,0.0,9.0,4.5,0.0
99,Salah Mejri,C,29,DAL,4,0,20,0.0,1.8,.000,0.0,0.0,,0.0,1.8,.000,0.0,0.0,,1.8,7.2,9.0,0.0,1.8,3.6,1.8,1.8,0.0
100,Paul Millsap,PF,30,ATL,9,9,312,6.1,12.8,.477,1.6,4.3,.378,4.5,8.5,.527,3.8,5.4,.702,1.8,7.2,9.0,4.3,2.4,1.2,2.2,2.7,17.7
101,Andrew Nicholson,PF,26,ORL,1,0,4,0.0,9.0,.000,0.0,0.0,,0.0,9.0,.000,0.0,0.0,,0.0,9.0,9.0,0.0,0.0,0.0,9.0,9.0,0.0
102,Kostas Papanikolaou,F,25,DEN,3,0,16,4.5,4.5,1.000,2.3,2.3,1.000,2.3,2.3,1.000,0.0,0.0,,2.3,6.8,9.0,2.3,2.3,0.0,0.0,2.3,11.3
103,Terry Rozier,PG,21,BOS,4,0,28,2.6,19.3,.133,1.3,5.1,.250,1.3,14.1,.091,0.0,0.0,,3.9,5.1,9.0,3.9,0.0,0.0,2.6,3.9,6.4
104,Amar'e Stoudemire,C,33,MIA,1,0,12,3.0,6.0,.500,0.0,0.0,,3.0,6.0,.500,0.0,0.0,,6.0,3.0,9.0,0.0,0.0,0.0,0.0,6.0,6.0
105,Trevor Booker,PF,28,UTA,6,0,126,2.9,10.3,.278,0.3,1.1,.250,2.6,9.1,.281,0.0,0.0,,3.4,5.4,8.9,1.7,0.9,0.9,1.1,4.9,6.0
106,Taj Gibson,PF,30,CHI,8,0,165,3.9,7.4,.529,0.0,0.0,,3.9,7.4,.529,2.4,3.9,.611,3.1,5.9,8.9,2.2,0.7,2.0,2.4,5.2,10.3
107,Roy Hibbert,C,29,LAL,7,7,177,2.8,6.3,.452,0.0,0.2,.000,2.8,6.1,.467,5.3,6.1,.867,3.1,5.9,8.9,2.4,0.0,3.9,2.0,4.9,11.0
108,Kris Humphries,PF,30,WAS,7,7,141,4.3,10.7,.405,2.0,5.1,.400,2.3,5.6,.409,2.0,2.0,1.000,1.8,7.1,8.9,1.5,0.3,0.8,1.3,3.3,12.8
109,Ian Mahinmi,C,29,IND,7,7,157,5.3,9.2,.575,0.0,0.0,,5.3,9.2,.575,0.2,1.4,.167,2.3,6.6,8.9,1.6,1.1,2.5,1.1,5.3,10.8
110,Cody Zeller,C,23,CHO,7,0,153,4.2,8.9,.474,0.0,0.7,.000,4.2,8.2,.514,3.5,4.9,.714,3.3,5.6,8.9,0.7,2.1,0.5,1.2,3.3,12.0
111,Al-Farouq Aminu,SF,25,POR,8,7,267,5.0,11.5,.435,1.5,4.3,.344,3.5,7.1,.491,2.4,3.5,.692,1.3,7.4,8.8,2.0,0.7,0.8,2.4,3.0,13.9
112,James Michael McAdoo,PF,23,GSW,7,0,41,5.3,10.5,.500,0.0,0.0,,5.3,10.5,.500,4.4,13.2,.333,2.6,6.1,8.8,3.5,1.8,0.0,2.6,7.0,14.9
113,Paul George,PF,25,IND,8,8,287,7.5,17.9,.420,2.1,6.1,.347,5.4,11.8,.457,6.4,7.4,.864,2.3,6.4,8.7,4.9,1.6,0.3,3.8,2.8,23.6
114,Mitch McGary,PF,23,OKC,3,0,29,3.7,7.4,.500,0.0,0.0,,3.7,7.4,.500,2.5,5.0,.500,2.5,6.2,8.7,1.2,0.0,0.0,6.2,5.0,9.9
115,David West,PF,35,SAS,7,0,108,5.3,8.7,.615,0.0,0.3,.000,5.3,8.3,.640,0.3,0.7,.500,1.7,7.0,8.7,4.3,0.7,0.0,3.3,4.0,11.0
116,Omri Casspi,SF,27,SAC,8,0,192,6.2,11.8,.524,2.1,3.6,.579,4.1,8.2,.500,1.9,3.4,.556,1.5,7.1,8.6,1.9,1.7,0.0,2.6,3.4,16.3
117,Serge Ibaka,PF,26,OKC,8,8,271,6.4,12.8,.500,0.5,1.2,.444,5.8,11.6,.506,1.1,1.6,.667,3.2,5.4,8.6,1.6,0.4,2.4,1.6,3.2,14.3
118,Ryan Anderson,PF,27,NOP,7,1,217,7.5,16.4,.455,2.3,6.5,.359,5.1,10.0,.517,2.5,3.2,.789,2.5,6.0,8.5,1.5,0.8,0.8,1.8,2.0,19.7
119,Draymond Green,PF,25,GSW,8,8,268,4.2,10.3,.403,1.7,3.9,.448,2.4,6.4,.375,1.9,2.7,.700,2.0,6.4,8.5,6.7,1.3,1.1,2.4,3.2,12.0
120,Nikola Mirotic,PF,24,CHI,8,8,207,5.6,14.3,.390,3.0,8.3,.354,2.6,5.9,.441,4.3,5.0,.862,1.2,7.3,8.5,1.0,1.4,0.5,3.7,3.5,18.4
121,Gorgui Dieng,C,26,MIN,7,0,137,5.0,10.2,.487,0.0,0.0,,5.0,10.2,.487,1.1,1.3,.800,2.4,6.0,8.4,0.8,1.8,1.1,2.9,3.7,11.0
122,Brook Lopez,C,27,BRK,7,7,232,8.4,15.7,.535,0.0,0.3,.000,8.4,15.4,.545,5.4,6.5,.833,2.6,5.7,8.4,1.9,0.0,1.9,2.6,2.9,22.2
123,Tiago Splitter,C,31,ATL,8,0,150,4.8,10.3,.465,0.0,0.2,.000,4.8,10.1,.476,2.9,3.1,.923,2.9,5.5,8.4,1.9,1.2,0.5,1.7,4.3,12.5
124,Omer Asik,C,29,NOP,2,1,26,1.4,2.8,.500,0.0,0.0,,1.4,2.8,.500,0.0,0.0,,1.4,6.9,8.3,0.0,1.4,1.4,0.0,5.5,2.8
125,Steven Adams,C,22,OKC,8,8,198,4.0,6.4,.629,0.0,0.0,,4.0,6.4,.629,0.9,2.0,.455,3.1,5.1,8.2,1.3,0.7,3.1,1.8,4.2,8.9
126,Darrell Arthur,PF,27,DEN,7,0,128,2.8,11.0,.256,0.6,2.3,.250,2.3,8.7,.258,0.6,0.6,1.000,2.8,5.3,8.2,2.3,1.1,2.0,0.8,6.2,6.8
127,Damien Inglis,SF,20,MIL,5,0,35,2.1,8.2,.250,1.0,5.1,.200,1.0,3.1,.333,3.1,4.1,.750,1.0,7.2,8.2,2.1,2.1,0.0,3.1,5.1,8.2
128,Nikola Jokic,C,20,DEN,6,0,97,5.9,10.8,.552,0.0,0.0,,5.9,10.8,.552,2.6,3.7,.700,3.3,4.8,8.2,1.1,1.1,0.7,2.6,3.3,14.5
129,Kawhi Leonard,SF,24,SAS,7,7,232,10.1,19.1,.528,1.4,3.7,.375,8.7,15.4,.566,2.5,2.8,.889,1.1,7.1,8.2,1.2,2.2,1.6,1.9,3.3,24.1
130,Timofey Mozgov,C,29,CLE,8,8,169,4.9,9.8,.500,0.2,0.6,.333,4.7,9.2,.512,3.6,4.5,.810,2.6,5.5,8.1,1.1,0.0,1.9,2.1,3.6,13.6
131,Sonny Weems,SG,29,PHO,6,0,58,1.2,6.2,.200,0.0,1.9,.000,1.2,4.3,.286,1.9,1.9,1.000,0.6,7.4,8.1,2.5,1.2,0.0,5.0,2.5,4.3
132,R.J. Hunter,SG,22,BOS,3,0,36,4.0,10.0,.400,1.0,6.0,.167,3.0,4.0,.750,0.0,0.0,,0.0,8.0,8.0,0.0,1.0,1.0,3.0,7.0,9.0
133,Jonas Jerebko,PF,28,BOS,6,0,87,4.1,7.4,.556,0.8,1.7,.500,3.3,5.8,.571,2.9,2.9,1.000,1.7,6.2,7.9,2.5,0.0,0.8,2.1,4.6,12.0
134,JaKarr Sampson,SF,22,PHI,7,2,96,4.5,9.0,.500,0.4,1.1,.333,4.1,7.9,.524,3.0,4.1,.727,1.5,6.4,7.9,0.4,1.1,0.0,3.7,6.0,12.4
135,Justin Anderson,SG,22,DAL,6,0,46,6.3,14.1,.444,1.6,5.5,.286,4.7,8.6,.545,1.6,1.6,1.000,0.8,7.0,7.8,1.6,0.8,0.8,2.3,1.6,15.7
136,Archie Goodwin,SG,21,PHO,4,0,37,4.9,8.8,.556,1.0,2.9,.333,3.9,5.8,.667,6.8,11.7,.583,0.0,7.8,7.8,2.9,0.0,1.0,4.9,1.0,17.5
137,Thabo Sefolosha,SF,31,ATL,6,0,116,4.7,8.1,.577,1.2,2.2,.571,3.4,5.9,.579,0.9,1.9,.500,1.6,6.2,7.8,2.8,3.7,0.6,1.9,1.9,11.5
138,Russell Westbrook,PG,27,OKC,8,8,278,10.0,21.2,.470,1.8,5.1,.359,8.2,16.2,.504,4.9,5.8,.844,2.3,5.4,7.8,11.3,2.1,0.1,5.1,2.6,26.7
139,Tyler Hansbrough,PF,30,CHO,3,0,14,2.6,12.9,.200,0.0,0.0,,2.6,12.9,.200,10.3,10.3,1.000,7.7,0.0,7.7,0.0,0.0,0.0,2.6,5.1,15.4
140,Joe Harris,SG,24,CLE,4,0,14,2.6,7.7,.333,2.6,7.7,.333,0.0,0.0,,0.0,0.0,,0.0,7.7,7.7,5.1,0.0,0.0,0.0,0.0,7.7
141,Chris Johnson,SF,25,UTA,5,0,14,7.7,15.4,.500,2.6,5.1,.500,5.1,10.3,.500,2.6,5.1,.500,2.6,5.1,7.7,2.6,2.6,0.0,0.0,2.6,20.6
142,Terrence Jones,PF,24,HOU,2,2,47,6.1,15.3,.400,0.0,2.3,.000,6.1,13.0,.471,2.3,3.8,.600,3.8,3.8,7.7,0.8,0.8,1.5,1.5,3.1,14.6
143,Robin Lopez,C,27,NYK,8,8,215,6.5,12.7,.513,0.0,0.0,,6.5,12.7,.513,1.7,1.7,1.000,3.3,4.4,7.7,2.7,0.3,1.8,2.8,4.0,14.7
144,Kelly Olynyk,C,24,BOS,5,0,89,6.5,15.0,.432,1.6,6.5,.250,4.9,8.5,.571,2.0,2.8,.714,2.4,5.3,7.7,2.8,2.8,1.6,3.2,1.6,16.6
145,Tony Allen,SF,34,MEM,8,7,179,4.0,10.3,.392,0.2,1.2,.167,3.8,9.1,.422,0.4,1.2,.333,3.0,4.6,7.6,1.8,2.8,0.6,1.4,5.4,8.6
146,Marc Gasol,C,31,MEM,8,8,238,5.6,13.6,.411,0.0,0.2,.000,5.6,13.5,.416,4.8,6.2,.780,1.5,6.1,7.6,3.9,0.0,0.9,2.4,3.2,16.0
147,Maurice Harkless,SF,22,POR,8,0,179,4.8,9.9,.490,1.6,3.4,.471,3.2,6.4,.500,1.4,2.4,.583,3.0,4.6,7.6,1.8,0.6,1.0,2.2,2.6,12.7
148,Paul Pierce,SF,38,LAC,7,0,147,2.7,8.8,.306,1.2,6.1,.200,1.5,2.7,.545,2.7,3.4,.786,0.2,7.3,7.6,2.4,1.0,0.0,1.5,2.2,9.3
149,Nick Collison,PF,35,OKC,5,0,48,1.5,4.5,.333,0.0,0.0,,1.5,4.5,.333,1.5,1.5,1.000,2.3,5.2,7.5,1.5,2.3,0.0,3.0,5.2,4.5
150,Kevin Durant,SF,27,OKC,8,8,278,10.0,19.8,.503,2.7,6.1,.447,7.3,13.7,.528,6.5,7.3,.893,0.3,7.3,7.5,3.1,0.8,1.3,2.3,1.7,29.1
151,Luke Babbitt,SF,26,NOP,5,4,131,3.3,8.2,.400,1.4,5.8,.238,1.9,2.5,.778,0.5,0.5,1.000,0.0,7.4,7.4,1.4,0.3,0.3,0.8,4.4,8.5
152,Rudy Gay,SF,29,SAC,8,8,248,7.8,19.7,.397,1.2,3.5,.333,6.7,16.3,.411,2.0,2.8,.737,2.3,5.1,7.4,3.0,1.3,0.3,2.3,3.6,18.9
153,Carmelo Anthony,SF,31,NYK,8,8,271,7.8,20.6,.381,1.7,5.3,.325,6.1,15.3,.400,5.8,6.4,.917,1.2,6.1,7.3,3.9,1.2,0.5,2.1,3.5,23.2
154,Nicolas Batum,SG,27,CHO,7,7,232,4.5,11.5,.392,1.9,5.1,.364,2.6,6.4,.415,3.4,3.6,.957,1.4,5.9,7.3,4.5,1.2,0.8,3.4,2.3,14.3
155,Jahlil Okafor,C,20,PHI,7,7,237,8.8,17.9,.492,0.0,0.0,,8.8,17.9,.492,3.5,5.6,.622,2.6,4.7,7.3,1.4,0.3,1.4,2.9,3.2,21.1
156,Patrick Beverley,PG,27,HOU,5,0,95,4.5,11.7,.387,2.3,6.1,.375,2.3,5.7,.400,0.0,0.0,,1.1,6.1,7.2,1.9,1.9,0.0,3.4,6.1,11.4
157,Johnny O'Bryant,PF,22,MIL,8,2,145,3.7,8.2,.455,0.0,0.0,,3.7,8.2,.455,2.7,4.0,.688,3.2,4.0,7.2,1.5,0.5,0.7,0.5,4.0,10.2
158,Jason Smith,C,29,ORL,6,0,70,7.2,15.9,.452,0.5,1.0,.500,6.7,14.9,.448,2.6,3.1,.833,1.0,6.2,7.2,1.0,0.5,2.6,2.1,6.2,17.5
159,Brandan Wright,PF,28,MEM,7,0,120,5.4,9.0,.600,0.0,0.0,,5.4,9.0,.600,3.0,5.4,.556,1.8,5.4,7.2,1.2,0.3,3.0,1.2,2.7,13.8
160,Delon Wright,PG,23,TOR,2,0,5,0.0,14.4,.000,0.0,7.2,.000,0.0,7.2,.000,0.0,0.0,,0.0,7.2,7.2,0.0,0.0,0.0,7.2,0.0,0.0
161,Stanley Johnson,SF,19,DET,7,0,142,5.3,14.2,.375,1.0,4.1,.250,4.3,10.1,.425,1.8,3.3,.538,2.5,4.6,7.1,2.0,0.5,0.0,1.8,4.1,13.4
162,Markieff Morris,PF,26,PHO,7,7,194,7.4,20.6,.360,1.1,4.3,.261,6.3,16.3,.386,2.4,3.3,.722,2.0,5.0,7.1,1.9,0.9,0.7,2.6,4.3,18.4
163,Rajon Rondo,PG,29,SAC,8,8,255,6.1,14.4,.422,0.4,2.3,.188,5.6,12.1,.465,0.7,2.0,.357,1.1,5.9,7.1,8.8,2.3,0.0,3.8,2.7,13.3
164,Mike Miller,SF,35,DEN,6,0,31,3.5,8.1,.429,3.5,8.1,.429,0.0,0.0,,0.0,0.0,,0.0,7.0,7.0,1.2,2.3,0.0,1.2,3.5,10.5
165,Victor Oladipo,SG,23,ORL,8,8,308,6.0,15.7,.381,1.3,4.9,.262,4.7,10.8,.435,1.9,2.1,.889,0.5,6.5,7.0,4.0,1.6,0.8,1.8,1.9,15.1
166,Chandler Parsons,SF,27,DAL,5,4,72,4.5,14.0,.321,1.5,5.0,.300,3.0,9.0,.333,0.5,2.0,.250,1.5,5.5,7.0,2.5,1.0,0.0,2.0,3.0,11.0
167,Noah Vonleh,PF,20,POR,8,0,108,2.0,7.7,.261,0.0,2.0,.000,2.0,5.7,.353,1.3,2.0,.667,1.7,5.3,7.0,1.0,0.0,1.0,2.3,4.3,5.3
168,Giannis Antetokounmpo,SF,21,MIL,7,7,246,7.2,12.9,.557,0.9,2.0,.429,6.3,10.8,.581,4.1,4.7,.875,1.2,5.7,6.9,1.9,1.3,0.7,2.9,3.8,19.3
169,LeBron James,SF,31,CLE,8,8,278,10.4,20.7,.500,0.8,3.8,.207,9.6,17.0,.565,4.7,7.6,.610,1.0,5.8,6.9,6.9,2.2,0.4,3.0,1.8,26.2
170,Kyle Anderson,SF,22,SAS,7,0,58,3.1,9.9,.313,0.0,1.2,.000,3.1,8.7,.357,1.2,2.5,.500,1.9,5.0,6.8,1.9,1.2,1.9,0.0,3.7,7.4
171,John Jenkins,SG,24,DAL,3,1,43,6.7,15.9,.421,0.0,3.3,.000,6.7,12.6,.533,2.5,2.5,1.000,0.8,5.9,6.7,3.3,0.0,0.0,1.7,1.7,15.9
172,Evan Turner,SG,27,BOS,6,0,145,5.7,13.4,.426,1.0,3.2,.308,4.7,10.2,.463,1.0,1.5,.667,0.7,6.0,6.7,4.5,2.0,0.5,3.0,2.5,13.4
173,Sasha Vujacic,SG,31,NYK,8,8,184,3.5,11.5,.305,1.0,5.3,.185,2.5,6.3,.406,0.4,0.6,.667,1.6,5.1,6.7,3.5,1.4,0.2,2.0,2.3,8.4
174,Montrezl Harrell,PF,22,HOU,7,0,76,7.1,9.9,.714,0.0,0.0,,7.1,9.9,.714,2.4,4.3,.556,2.8,3.8,6.6,0.5,0.5,0.9,1.4,4.3,16.6
175,Jabari Parker,PF,20,MIL,4,4,82,5.3,11.0,.480,0.0,0.0,,5.3,11.0,.480,0.0,0.4,.000,1.8,4.8,6.6,1.3,0.9,0.0,0.9,0.9,10.5
176,Myles Turner,C,19,IND,7,0,125,6.0,10.9,.553,0.0,0.0,,6.0,10.9,.553,2.0,2.9,.700,1.4,5.2,6.6,0.3,0.9,2.0,1.7,4.6,14.1
177,Quincy Acy,PF,25,SAC,3,1,22,3.3,3.3,1.000,1.6,1.6,1.000,1.6,1.6,1.000,1.6,3.3,.500,0.0,6.5,6.5,4.9,0.0,1.6,1.6,0.0,9.8
178,Tim Frazier,PG,25,POR,3,0,11,0.0,3.3,.000,0.0,0.0,,0.0,3.3,.000,0.0,0.0,,3.3,3.3,6.5,3.3,3.3,0.0,3.3,6.5,0.0
179,Mirza Teletovic,PF,30,PHO,7,0,50,3.6,13.0,.278,2.9,8.6,.333,0.7,4.3,.167,0.0,0.7,.000,1.4,5.0,6.5,2.2,1.4,0.0,0.7,3.6,10.1
180,Harrison Barnes,SF,23,GSW,8,8,238,5.6,12.6,.446,1.1,3.9,.269,4.5,8.6,.526,3.2,3.5,.913,1.5,4.8,6.4,3.2,0.8,0.2,1.2,2.3,15.4
181,Alonzo Gee,SF,28,NOP,7,1,107,4.0,8.7,.462,0.0,1.7,.000,4.0,7.1,.571,0.3,0.3,1.000,1.7,4.7,6.4,1.0,2.4,0.3,2.7,4.4,8.4
182,Kevin Seraphin,C,26,NYK,5,0,34,4.2,13.8,.308,0.0,0.0,,4.2,13.8,.308,0.0,0.0,,1.1,5.3,6.4,0.0,1.1,4.2,3.2,2.1,8.5
183,Jared Dudley,PF,30,WAS,6,0,125,2.9,7.2,.400,0.9,3.7,.231,2.0,3.5,.583,0.6,1.2,.500,0.6,5.8,6.3,1.4,1.4,0.6,1.7,2.0,7.2
184,Langston Galloway,PG,24,NYK,8,0,222,5.0,10.4,.484,2.9,4.7,.621,2.1,5.7,.371,2.9,4.1,.720,1.3,5.0,6.3,2.9,1.1,0.2,0.6,2.6,15.9
185,Jerami Grant,SF,21,PHI,7,4,178,4.7,11.5,.404,0.4,2.8,.143,4.2,8.7,.488,3.6,4.9,.750,1.0,5.3,6.3,1.8,0.8,2.4,1.4,3.2,13.3
186,Spencer Hawes,PF,27,CHO,7,0,126,4.6,10.9,.421,0.9,2.9,.300,3.7,8.0,.464,0.3,1.4,.200,0.6,5.7,6.3,3.7,1.1,0.6,2.6,5.4,10.3
187,Andre Iguodala,SG,32,GSW,8,0,222,4.2,8.9,.473,1.0,3.2,.300,3.2,5.7,.571,0.8,1.5,.556,1.6,4.7,6.3,5.2,2.3,0.3,1.1,1.9,10.2
188,Josh McRoberts,PF,28,MIA,8,0,114,2.5,6.6,.381,0.6,2.8,.222,1.9,3.8,.500,0.3,0.6,.500,1.9,4.4,6.3,5.4,1.3,0.0,2.5,3.8,6.0
189,Jae Crowder,SF,25,BOS,6,6,186,3.5,9.9,.353,1.2,4.5,.261,2.3,5.4,.429,4.3,5.4,.786,1.4,4.8,6.2,2.5,3.7,0.6,2.5,2.7,12.4
190,Will Barton,SG,25,DEN,7,1,177,6.5,14.6,.444,1.2,3.9,.316,5.3,10.8,.491,4.5,4.9,.917,0.8,5.3,6.1,2.0,1.8,0.8,0.8,2.0,18.7
191,Kent Bazemore,SF,26,ATL,9,9,258,5.3,11.0,.481,2.2,4.5,.500,3.1,6.6,.468,2.0,2.2,.875,0.3,5.9,6.1,3.3,2.7,0.7,2.2,3.1,14.8
192,Jeremy Lamb,SG,23,CHO,6,0,129,9.5,16.2,.586,2.8,6.1,.455,6.7,10.0,.667,0.0,0.8,.000,1.1,5.0,6.1,1.7,0.8,1.1,1.4,1.7,21.8
193,P.J. Tucker,SF,30,PHO,7,7,166,2.6,6.1,.429,1.3,3.3,.400,1.3,2.8,.462,0.9,2.0,.444,1.5,4.6,6.1,1.7,1.3,0.0,1.3,2.6,7.4
194,Sam Dekker,SF,21,HOU,3,0,6,0.0,0.0,,0.0,0.0,,0.0,0.0,,0.0,0.0,,0.0,6.0,6.0,0.0,6.0,0.0,0.0,0.0,0.0
195,Sergey Karasev,SF,22,BRK,3,0,6,0.0,6.0,.000,0.0,6.0,.000,0.0,0.0,,24.0,24.0,1.000,0.0,6.0,6.0,0.0,0.0,0.0,6.0,0.0,24.0
196,K.J. McDaniels,SG,22,HOU,3,0,6,6.0,24.0,.250,0.0,12.0,.000,6.0,12.0,.500,0.0,0.0,,0.0,6.0,6.0,0.0,0.0,6.0,0.0,6.0,12.0
197,Luis Montero,SG,22,POR,2,0,6,6.0,12.0,.500,6.0,6.0,1.000,0.0,6.0,.000,0.0,0.0,,0.0,6.0,6.0,0.0,0.0,0.0,6.0,0.0,18.0
198,Norman Powell,SG,22,TOR,4,0,12,3.0,21.0,.143,0.0,6.0,.000,3.0,15.0,.200,0.0,0.0,,3.0,3.0,6.0,0.0,0.0,0.0,0.0,3.0,6.0
199,Mike Scott,PF,27,ATL,9,0,108,5.0,11.3,.441,1.0,3.7,.273,4.0,7.7,.522,2.7,2.7,1.000,1.7,4.3,6.0,3.3,0.0,0.0,1.3,3.0,13.7
200,T.J. Warren,SF,22,PHO,7,0,149,7.5,15.7,.477,0.7,2.4,.300,6.8,13.3,.509,1.7,2.7,.636,1.9,4.1,6.0,1.0,0.7,0.0,1.2,2.7,17.4
201,Matt Barnes,SF,35,MEM,8,0,176,3.5,12.3,.283,1.6,7.2,.229,1.8,5.1,.360,2.5,2.7,.923,1.0,4.9,5.9,1.8,1.8,1.6,1.2,5.5,11.0
202,Jeremy Evans,SF,28,DAL,6,1,86,2.9,4.2,.700,0.4,1.3,.333,2.5,2.9,.857,2.1,2.9,.714,0.8,5.0,5.9,0.0,0.4,0.8,0.8,1.7,8.4
203,Meyers Leonard,PF,23,POR,8,8,213,4.6,10.8,.422,1.2,5.1,.233,3.4,5.7,.588,1.4,1.5,.889,0.8,5.1,5.9,2.2,0.3,0.8,1.4,4.6,11.7
204,T.J. McConnell,PG,23,PHI,7,4,202,3.2,7.1,.450,0.5,1.6,.333,2.7,5.5,.484,0.0,0.0,,1.1,4.8,5.9,9.4,1.8,0.9,3.0,2.1,7.0
205,Ian Clark,SG,24,GSW,4,0,25,7.2,13.0,.556,1.4,4.3,.333,5.8,8.6,.667,8.6,8.6,1.000,1.4,4.3,5.8,8.6,0.0,0.0,1.4,1.4,24.5
206,Dante Cunningham,SF,28,NOP,7,3,161,3.1,7.2,.438,1.1,3.4,.333,2.0,3.8,.529,0.7,0.9,.750,0.9,4.9,5.8,0.9,0.4,0.2,0.0,2.7,8.0
207,James Johnson,PF,28,TOR,5,2,68,2.1,4.2,.500,0.5,1.1,.500,1.6,3.2,.500,2.6,5.3,.500,1.1,4.8,5.8,3.2,1.1,1.6,2.6,4.2,7.4
208,Marcus Morris,SF,26,DET,7,7,272,5.6,13.1,.424,1.2,3.3,.360,4.4,9.8,.446,3.2,4.5,.706,2.0,3.8,5.8,2.0,1.2,0.3,1.7,2.1,15.5
209,Tony Snell,SF,24,CHI,8,5,191,4.0,9.8,.404,2.5,5.1,.481,1.5,4.7,.320,1.3,1.5,.875,0.2,5.7,5.8,1.5,0.4,0.6,1.3,3.4,11.7
210,Justise Winslow,SF,19,MIA,8,0,228,3.9,8.5,.463,0.5,2.2,.214,3.5,6.3,.550,0.8,0.9,.833,1.4,4.4,5.8,1.9,0.8,0.3,1.6,2.8,9.2
211,Stephen Curry,PG,27,GSW,8,8,270,11.3,21.2,.535,5.5,11.6,.471,5.9,9.6,.611,6.4,7.1,.906,0.8,4.9,5.7,6.3,2.5,0.3,3.1,2.1,34.5
212,Richaun Holmes,PF,22,PHI,7,1,101,4.6,9.3,.500,0.4,2.5,.143,4.3,6.8,.632,3.2,5.3,.600,3.6,2.1,5.7,1.4,0.4,2.1,1.1,3.9,12.8
213,Russ Smith,PG,24,MEM,4,0,19,5.7,20.8,.273,1.9,7.6,.250,3.8,13.3,.286,5.7,9.5,.600,1.9,3.8,5.7,3.8,1.9,0.0,5.7,3.8,18.9
214,Hollis Thompson,SG,24,PHI,7,2,201,3.4,10.0,.339,2.0,5.7,.344,1.4,4.3,.333,1.4,2.0,.727,1.3,4.5,5.7,2.5,0.4,0.2,2.0,3.2,10.2
215,Trevor Ariza,SF,30,HOU,7,7,258,3.3,10.0,.333,2.1,6.0,.349,1.3,4.0,.310,2.1,2.4,.882,0.7,4.9,5.6,2.0,1.8,0.3,1.4,2.7,10.9
216,Andrea Bargnani,C,30,BRK,7,0,97,5.6,13.0,.429,0.4,1.1,.333,5.2,11.9,.438,3.3,3.7,.900,2.6,3.0,5.6,0.0,0.4,0.4,3.0,6.3,14.8
217,Lance Stephenson,SF,25,LAC,7,7,148,3.4,9.0,.378,1.5,3.2,.462,1.9,5.8,.333,1.2,1.7,.714,1.0,4.6,5.6,4.1,0.7,0.0,2.4,3.4,9.5
218,Aaron Brooks,PG,31,CHI,8,0,130,8.0,18.8,.426,2.8,8.3,.333,5.3,10.5,.500,1.1,1.1,1.000,1.1,4.4,5.5,4.7,0.8,0.6,1.1,4.7,19.9
219,Jimmy Butler,SG,26,CHI,8,8,283,6.1,14.1,.432,1.7,3.9,.419,4.5,10.2,.438,5.0,6.2,.796,0.5,5.0,5.5,2.9,2.0,0.9,1.3,2.0,18.8
220,Danny Green,SG,28,SAS,7,7,195,3.0,10.0,.296,1.3,5.9,.219,1.7,4.1,.409,1.1,1.5,.750,1.1,4.4,5.5,3.0,1.3,1.1,2.0,1.7,8.3
221,Jarrett Jack,PG,32,BRK,6,6,191,5.8,15.6,.373,0.9,3.2,.294,4.9,12.4,.394,1.7,2.1,.818,0.6,4.9,5.5,7.4,0.4,0.2,3.4,3.0,14.3
222,Wesley Johnson,SF,28,LAC,7,0,79,5.5,9.6,.571,0.9,4.6,.200,4.6,5.0,.909,0.9,1.4,.667,0.9,4.6,5.5,0.5,0.9,0.9,0.0,4.6,12.8
223,Manu Ginobili,SG,38,SAS,7,0,139,7.3,14.5,.500,2.8,7.0,.407,4.4,7.5,.586,1.8,2.3,.778,0.5,4.9,5.4,7.0,3.1,0.3,3.4,1.3,19.2
224,Joe Johnson,SF,34,BRK,7,7,234,4.0,12.2,.329,0.6,3.5,.174,3.4,8.6,.393,2.5,2.8,.889,1.4,4.0,5.4,4.2,0.8,0.2,1.2,2.5,11.1
225,Kyle Lowry,PG,29,TOR,8,8,279,6.2,15.1,.410,2.2,5.5,.395,4.0,9.5,.419,4.9,6.1,.809,0.9,4.5,5.4,6.7,2.5,0.6,3.5,3.7,19.5
226,Derrick Williams,PF,24,NYK,8,0,119,7.3,18.2,.400,1.2,4.5,.267,6.1,13.6,.444,8.2,10.6,.771,1.5,3.9,5.4,1.8,1.2,0.6,2.1,1.5,23.9
227,James Harden,SG,26,HOU,7,7,276,7.4,19.7,.377,2.3,9.8,.240,5.1,9.9,.513,9.9,11.6,.854,0.9,4.4,5.3,5.2,1.6,0.8,4.6,2.1,27.1
228,Phil Pressey,PG,24,PHI,4,0,34,6.4,13.8,.462,3.2,6.4,.500,3.2,7.4,.429,2.1,5.3,.400,0.0,5.3,5.3,10.6,1.1,0.0,6.4,2.1,18.0
229,Michael Carter-Williams,PG,24,MIL,4,4,125,4.9,12.1,.405,0.9,3.2,.273,4.0,8.9,.452,4.0,4.9,.824,0.9,4.3,5.2,7.8,2.0,1.2,4.3,4.0,14.7
230,Tyler Johnson,SG,23,MIA,7,0,139,4.9,9.3,.528,1.3,2.6,.500,3.6,6.7,.538,2.1,3.1,.667,1.3,3.9,5.2,3.1,1.3,0.8,1.6,3.1,13.2
231,Zach LaVine,PG,20,MIN,7,1,145,7.0,15.6,.444,1.0,3.2,.308,6.0,12.4,.480,3.0,3.2,.923,1.0,4.2,5.2,7.9,1.5,0.0,5.2,3.5,17.9
232,Patrick Patterson,PF,26,TOR,8,0,165,3.7,10.7,.347,2.0,6.3,.310,1.7,4.4,.400,0.4,0.4,1.000,0.7,4.6,5.2,2.0,1.3,0.7,1.7,2.8,9.8
233,Alec Burks,SG,24,UTA,7,0,192,6.6,14.8,.443,1.3,2.4,.538,5.2,12.4,.424,6.0,7.1,.842,0.6,4.5,5.1,3.4,1.1,0.0,2.6,3.9,20.4
234,Luol Deng,SF,30,MIA,8,8,224,5.0,11.6,.431,1.6,4.5,.357,3.4,7.1,.477,1.3,1.9,.667,1.6,3.5,5.1,1.8,1.1,0.5,1.0,2.3,12.9
235,Spencer Dinwiddie,PG,22,DET,1,0,7,5.1,5.1,1.000,0.0,0.0,,5.1,5.1,1.000,0.0,10.3,.000,0.0,5.1,5.1,0.0,0.0,0.0,10.3,15.4,10.3
236,Danilo Gallinari,SF,27,DEN,7,7,238,5.3,13.3,.398,1.1,3.6,.292,4.2,9.7,.438,6.2,7.0,.891,1.5,3.6,5.1,1.8,0.6,0.9,1.1,1.8,17.8
237,Erick Green,PG,24,DEN,3,0,7,0.0,5.1,.000,0.0,5.1,.000,0.0,0.0,,0.0,0.0,,0.0,5.1,5.1,5.1,0.0,0.0,0.0,0.0,0.0
238,Devin Harris,PG,32,DAL,7,0,155,4.2,11.8,.353,0.7,4.6,.150,3.5,7.2,.484,3.0,5.1,.591,0.9,4.2,5.1,3.5,1.9,0.7,1.9,3.3,12.1
239,Ersan Ilyasova,PF,28,DET,7,7,177,4.3,10.6,.404,2.0,5.3,.385,2.2,5.3,.423,0.4,0.6,.667,2.6,2.4,5.1,1.8,0.8,0.4,1.6,3.5,11.0
240,Sasha Kaun,C,30,CLE,2,0,7,0.0,0.0,,0.0,0.0,,0.0,0.0,,0.0,0.0,,5.1,0.0,5.1,5.1,5.1,5.1,5.1,20.6,0.0
241,Emmanuel Mudiay,PG,19,DEN,7,7,211,5.3,16.0,.330,1.7,4.6,.370,3.6,11.4,.313,2.9,4.4,.654,0.9,4.3,5.1,6.7,1.4,1.0,5.8,3.2,15.2
242,Ricky Rubio,PG,25,MIN,6,6,185,4.7,11.9,.393,0.4,1.9,.200,4.3,9.9,.431,5.4,6.0,.903,0.4,4.7,5.1,10.5,2.7,0.0,2.3,3.1,15.2
243,Rodney Stuckey,PG,29,IND,7,0,154,6.8,14.7,.460,0.2,1.6,.143,6.5,13.1,.500,2.8,3.3,.857,0.5,4.7,5.1,3.5,1.4,0.5,2.1,2.1,16.6
244,Klay Thompson,SG,25,GSW,8,8,235,7.7,16.5,.463,2.6,6.6,.395,5.1,10.0,.508,1.8,1.8,1.000,0.2,4.9,5.1,3.1,0.9,0.9,2.9,2.9,19.8
245,Dion Waiters,SG,24,OKC,8,0,206,5.1,10.5,.483,1.7,3.3,.526,3.3,7.2,.463,3.0,3.5,.850,1.0,4.0,5.1,2.4,1.2,0.3,1.9,3.3,14.9
246,Bradley Beal,SG,22,WAS,6,6,208,9.0,18.5,.486,2.8,5.9,.471,6.2,12.6,.493,2.8,3.5,.800,1.6,3.5,5.0,2.6,1.0,0.3,3.6,3.3,23.5
247,Otto Porter,SF,22,WAS,7,7,232,5.6,10.4,.537,0.9,3.7,.250,4.7,6.7,.698,2.5,2.8,.889,1.1,3.9,5.0,2.3,1.4,0.3,1.4,2.5,14.6
248,Andre Roberson,SG,24,OKC,8,8,167,3.4,7.1,.485,1.1,3.0,.357,2.4,4.1,.579,0.9,1.3,.667,1.1,3.9,5.0,1.1,0.9,1.1,0.6,3.9,8.8
249,Leandro Barbosa,SG,33,GSW,8,0,117,5.8,13.8,.422,1.8,4.6,.400,4.0,9.2,.433,0.6,1.2,.500,1.8,3.1,4.9,4.3,2.2,0.6,2.5,5.2,14.2
250,DeMarre Carroll,SF,29,TOR,6,6,214,4.4,12.8,.342,1.5,4.5,.333,2.9,8.2,.347,2.2,3.2,.684,1.7,3.2,4.9,1.7,1.3,0.2,1.9,2.4,12.4
251,D'Angelo Russell,PG,19,LAL,7,7,169,5.3,13.4,.397,1.5,5.1,.292,3.8,8.3,.462,0.6,1.1,.600,1.1,3.8,4.9,3.8,1.7,0.2,2.3,2.3,12.8
252,Anthony Tolliver,PF,30,DET,6,0,124,2.0,7.3,.280,1.7,5.8,.300,0.3,1.5,.200,0.3,1.5,.200,0.3,4.6,4.9,0.6,0.9,0.3,0.3,2.3,6.1
253,Jordan Adams,SG,21,MEM,2,0,15,4.8,14.4,.333,0.0,2.4,.000,4.8,12.0,.400,7.2,12.0,.600,0.0,4.8,4.8,7.2,7.2,0.0,4.8,4.8,16.8
254,Rasual Butler,SF,36,SAS,6,0,53,5.4,12.2,.444,0.7,6.1,.111,4.8,6.1,.778,1.4,1.4,1.000,0.0,4.8,4.8,2.7,2.0,2.7,0.7,0.0,12.9
255,Shabazz Muhammad,SG,23,MIN,7,0,121,5.1,10.7,.472,0.3,1.8,.167,4.8,8.9,.533,4.2,5.7,.737,1.2,3.6,4.8,0.6,0.3,0.3,2.4,3.0,14.6
256,Damjan Rudez,SF,29,MIN,3,0,15,4.8,7.2,.667,2.4,4.8,.500,2.4,2.4,1.000,0.0,0.0,,2.4,2.4,4.8,2.4,0.0,0.0,2.4,4.8,12.0
257,Ish Smith,PG,27,NOP,7,1,188,5.0,13.8,.361,0.8,2.5,.308,4.2,11.3,.373,1.3,2.1,.636,0.8,4.0,4.8,10.9,2.1,0.4,2.5,3.3,12.1
258,Chase Budinger,SF,27,IND,8,0,122,2.7,7.1,.375,1.8,5.0,.353,0.9,2.1,.429,0.9,2.1,.429,0.6,4.1,4.7,2.4,0.9,0.0,0.9,2.4,8.0
259,Jeff Green,SF,29,MEM,8,1,184,4.3,11.9,.361,1.0,3.7,.263,3.3,8.2,.405,2.0,2.7,.714,0.6,4.1,4.7,2.5,0.6,0.4,2.2,4.1,11.5
260,Joe Ingles,SF,28,UTA,7,0,123,4.4,7.6,.577,2.0,4.7,.438,2.3,2.9,.800,0.6,0.6,1.000,0.3,4.4,4.7,2.9,0.9,0.0,0.0,2.9,11.4
261,Reggie Jackson,PG,25,DET,7,7,229,9.1,20.6,.443,1.7,4.4,.393,7.4,16.2,.456,5.0,6.3,.800,0.6,4.1,4.7,6.1,1.4,0.3,4.6,1.7,25.0
262,Kyle Singler,SF,27,OKC,7,0,92,2.0,8.2,.238,1.2,4.3,.273,0.8,3.9,.200,1.2,2.0,.600,0.4,4.3,4.7,0.0,1.2,0.8,2.3,7.4,6.3
263,J.R. Smith,SG,30,CLE,5,5,114,3.5,11.4,.306,0.6,2.8,.222,2.8,8.5,.333,0.6,1.3,.500,1.3,3.5,4.7,4.1,0.6,0.3,2.2,5.1,8.2
264,Nik Stauskas,SG,22,PHI,6,5,192,4.9,13.7,.356,2.6,9.2,.286,2.3,4.5,.500,2.3,2.6,.857,0.2,4.5,4.7,3.0,0.9,0.2,2.1,1.5,14.6
265,Marcus Thornton,SG,28,HOU,5,5,177,6.9,15.3,.453,3.1,7.5,.405,3.9,7.7,.500,0.0,0.0,,1.8,2.8,4.7,2.2,1.2,0.0,1.2,2.8,16.9
266,P.J. Hairston,SF,23,CHO,7,7,125,3.2,9.8,.324,1.4,6.3,.227,1.7,3.5,.500,2.3,2.6,.889,0.0,4.6,4.6,1.2,0.3,0.3,0.9,4.0,10.1
267,Shabazz Napier,PG,24,ORL,7,0,55,3.3,9.2,.357,1.3,4.6,.286,2.0,4.6,.429,2.0,2.6,.750,0.7,3.9,4.6,6.5,0.7,0.0,2.6,2.6,9.8
268,Metta World Peace,F,36,LAL,3,1,55,5.9,9.2,.643,4.6,5.9,.778,1.3,3.3,.400,0.0,0.0,,0.0,4.6,4.6,2.0,2.0,2.6,0.7,3.3,16.4
269,Chris Paul,PG,30,LAC,6,6,194,6.3,14.1,.447,1.1,4.1,.273,5.2,10.0,.519,4.6,5.8,.806,0.2,4.3,4.5,8.4,1.7,0.0,3.3,3.0,18.4
270,D.J. Augustin,PG,28,OKC,8,0,138,4.4,9.4,.472,1.8,3.9,.467,2.6,5.5,.476,3.4,4.7,.722,0.5,3.9,4.4,6.3,1.8,0.3,3.4,2.6,14.1
271,Marcelo Huertas,PG,32,LAL,5,0,66,2.7,8.7,.313,0.5,2.2,.250,2.2,6.5,.333,0.0,0.0,,2.7,1.6,4.4,7.6,1.1,0.5,3.3,5.5,6.0
272,Brandon Knight,SG,24,PHO,7,7,246,7.0,16.8,.417,2.3,6.9,.340,4.7,10.0,.471,1.9,2.2,.867,0.7,3.7,4.4,4.5,1.3,0.9,3.5,1.9,18.3
273,Shaun Livingston,PG,30,GSW,8,0,147,3.2,7.3,.433,0.0,0.7,.000,3.2,6.6,.481,1.5,1.7,.857,1.0,3.4,4.4,4.2,1.0,0.7,2.2,3.2,7.8
274,Kobe Bryant,SF,37,LAL,6,6,175,6.4,20.0,.320,2.1,9.9,.208,4.3,10.1,.429,5.6,6.8,.818,1.2,3.1,4.3,3.3,1.0,0.0,1.9,3.7,20.4
275,DeMar DeRozan,SG,26,TOR,8,8,290,6.8,15.9,.430,0.2,1.5,.167,6.6,14.4,.457,8.3,10.2,.817,0.7,3.6,4.3,3.5,1.1,0.4,2.5,2.0,22.2
276,Jerian Grant,PG,23,NYK,8,0,174,3.7,9.3,.400,0.2,2.1,.100,3.5,7.2,.486,3.5,4.3,.810,0.6,3.7,4.3,6.6,1.4,0.0,2.3,4.1,11.2
277,C.J. McCollum,SG,24,POR,8,8,276,8.5,18.3,.464,2.6,6.3,.417,5.9,12.0,.489,2.2,2.6,.850,0.8,3.5,4.3,3.3,0.8,0.1,2.1,2.9,21.8
278,Kelly Oubre,SF,20,WAS,4,0,42,6.0,14.6,.412,1.7,6.9,.250,4.3,7.7,.556,1.7,4.3,.400,0.0,4.3,4.3,1.7,0.0,0.0,1.7,6.0,15.4
279,Andrew Wiggins,SG,20,MIN,6,6,193,8.0,20.0,.402,1.1,3.0,.375,6.9,17.0,.407,5.0,7.3,.692,2.1,2.2,4.3,1.9,0.6,0.6,2.8,2.2,22.2
280,Tyler Zeller,C,26,BOS,5,3,42,7.7,17.1,.450,0.0,0.0,,7.7,17.1,.450,4.3,5.1,.833,1.7,2.6,4.3,2.6,0.0,0.9,1.7,6.9,19.7
281,Corey Brewer,SF,29,HOU,7,0,172,3.8,12.1,.310,0.4,2.9,.143,3.3,9.2,.364,2.1,3.3,.625,0.8,3.3,4.2,2.9,1.9,0.4,1.3,3.8,10.0
282,Mario Chalmers,PG,29,MIA,6,0,120,3.0,9.6,.313,0.3,3.3,.091,2.7,6.3,.429,3.6,3.9,.923,0.3,3.9,4.2,5.7,2.4,0.3,2.7,4.8,9.9
283,Gary Harris,SG,21,DEN,7,7,178,4.7,9.7,.479,1.4,3.0,.467,3.2,6.7,.485,0.8,1.2,.667,0.4,3.8,4.2,3.0,1.4,0.4,2.0,2.2,11.5
284,Jodie Meeks,SG,28,DET,2,0,17,2.1,10.6,.200,0.0,0.0,,2.1,10.6,.200,0.0,0.0,,2.1,2.1,4.2,0.0,0.0,0.0,2.1,4.2,4.2
285,Glenn Robinson III,PF,22,IND,4,0,52,4.8,9.0,.538,0.0,1.4,.000,4.8,7.6,.636,3.5,4.8,.714,1.4,2.8,4.2,2.1,0.7,0.0,1.4,0.0,13.2
286,Isaiah Canaan,PG,24,PHI,7,3,184,4.5,12.5,.359,3.1,8.2,.381,1.4,4.3,.318,3.7,4.3,.864,0.4,3.7,4.1,2.3,1.2,0.4,2.0,1.8,15.8
287,Kyle Korver,SG,34,ATL,7,7,218,4.8,9.2,.518,1.8,4.6,.393,3.0,4.6,.643,0.3,0.3,1.000,0.0,4.1,4.1,3.3,1.0,0.2,1.0,3.0,11.7
288,Garrett Temple,SF,29,WAS,5,0,35,4.1,11.3,.364,1.0,5.1,.200,3.1,6.2,.500,6.2,7.2,.857,1.0,3.1,4.1,3.1,0.0,0.0,2.1,4.1,15.4
289,Matthew Dellavedova,SG,25,CLE,8,0,208,4.5,10.0,.448,1.4,3.3,.421,3.1,6.8,.462,0.9,1.0,.833,1.0,2.9,4.0,8.0,1.2,0.0,1.9,2.9,11.3
290,Cleanthony Early,SF,24,NYK,5,0,18,6.0,8.0,.750,2.0,4.0,.500,4.0,4.0,1.000,0.0,0.0,,0.0,4.0,4.0,2.0,2.0,0.0,0.0,4.0,14.0
291,Cory Joseph,PG,24,TOR,8,0,189,4.6,8.6,.533,0.4,1.1,.333,4.2,7.4,.564,2.7,3.2,.824,0.6,3.4,4.0,4.4,1.5,0.4,1.9,2.1,12.2
292,Frank Kaminsky,C,22,CHO,7,0,63,4.0,9.7,.412,2.9,4.0,.714,1.1,5.7,.200,1.7,2.3,.750,0.6,3.4,4.0,3.4,0.6,0.0,0.6,1.7,12.6
293,E'Twaun Moore,SG,26,CHI,8,0,144,4.7,10.2,.463,1.0,2.5,.400,3.7,7.7,.484,0.0,0.0,,0.2,3.7,4.0,2.3,0.5,0.5,1.5,2.3,10.5
294,Tayshaun Prince,SF,35,MIN,7,7,170,2.1,5.3,.400,0.2,0.8,.250,1.9,4.4,.429,0.8,1.5,.571,0.8,3.2,4.0,1.1,0.8,0.2,0.6,1.5,5.3
295,Ramon Sessions,PG,29,WAS,7,0,126,5.4,12.0,.452,1.1,2.3,.500,4.3,9.7,.441,6.3,8.0,.786,0.9,3.1,4.0,4.6,2.9,0.3,2.3,2.6,18.3
296,Mike Conley,PG,28,MEM,8,8,250,5.3,13.8,.385,1.4,4.8,.303,3.9,9.1,.429,3.7,4.2,.897,0.9,3.0,3.9,6.9,1.0,0.0,2.2,1.7,15.8
297,George Hill,PG,29,IND,8,8,299,4.9,11.0,.451,2.5,5.4,.467,2.4,5.5,.435,2.9,4.0,.727,0.5,3.4,3.9,3.4,1.7,0.4,2.0,2.5,15.3
298,James Jones,SF,35,CLE,8,0,56,4.5,12.9,.350,3.9,9.6,.400,0.6,3.2,.200,1.9,1.9,1.000,1.3,2.6,3.9,1.3,0.0,0.6,1.9,3.9,14.8
299,Ty Lawson,PG,28,HOU,7,7,270,3.2,9.1,.353,1.1,3.2,.333,2.1,5.9,.364,2.7,4.0,.667,0.7,3.2,3.9,5.3,1.2,0.1,2.7,2.3,10.1
300,Khris Middleton,SG,24,MIL,8,8,287,4.5,12.3,.367,1.9,4.5,.417,2.6,7.8,.339,3.5,4.0,.875,0.4,3.5,3.9,2.8,0.6,0.3,1.3,3.1,14.4
301,Elfrid Payton,PG,21,ORL,8,8,238,4.4,11.2,.392,0.6,2.0,.308,3.8,9.2,.410,1.7,1.8,.917,1.4,2.6,3.9,7.1,1.7,0.5,3.2,3.3,11.0
302,Lou Williams,SG,29,LAL,7,0,186,4.8,15.1,.321,1.5,7.5,.205,3.3,7.5,.436,7.9,8.9,.891,0.6,3.3,3.9,3.9,1.4,0.4,1.7,3.3,19.2
303,Steve Blake,PG,35,DET,7,0,105,2.7,10.3,.267,1.7,6.5,.263,1.0,3.8,.273,0.0,0.0,,0.7,3.1,3.8,7.9,0.7,0.3,4.5,1.4,7.2
304,Avery Bradley,SG,25,BOS,6,6,172,5.0,13.2,.381,1.9,5.7,.333,3.1,7.5,.417,1.5,1.7,.875,0.8,2.9,3.8,2.9,1.3,0.2,1.9,2.5,13.4
305,Toney Douglas,PG,29,NOP,5,0,103,7.3,13.6,.538,2.8,5.2,.533,4.5,8.4,.542,2.4,2.8,.875,1.0,2.8,3.8,4.2,1.7,0.0,2.8,5.6,19.9
306,Tyler Ennis,PG,21,MIL,4,3,66,4.4,10.4,.421,0.5,0.5,1.000,3.8,9.8,.389,1.1,1.1,1.000,1.1,2.7,3.8,3.8,1.1,0.0,2.2,4.4,10.4
307,Gordon Hayward,SF,25,UTA,7,7,236,5.8,14.2,.409,1.4,3.8,.360,4.4,10.4,.426,3.8,5.0,.758,0.6,3.2,3.8,2.9,0.9,0.3,2.3,3.1,16.8
308,Jeremy Lin,PG,27,CHO,7,0,159,5.9,14.5,.406,2.0,6.1,.333,3.8,8.4,.459,6.3,7.7,.824,0.9,2.9,3.8,5.0,0.9,0.9,2.9,2.9,20.2
309,Derrick Rose,PG,27,CHI,8,8,256,5.9,16.0,.368,0.1,2.3,.063,5.8,13.8,.418,2.5,3.2,.783,0.4,3.4,3.8,6.5,0.4,0.1,3.2,1.1,14.5
310,Terrence Ross,SF,24,TOR,7,0,122,4.7,13.0,.364,2.1,7.4,.280,2.7,5.6,.474,1.5,1.5,1.000,0.3,3.5,3.8,1.5,1.5,0.3,1.8,4.7,13.0
311,Greivis Vasquez,PG,29,MIL,8,0,197,2.4,11.0,.217,0.5,5.1,.107,1.8,5.8,.313,3.1,3.3,.944,0.5,3.3,3.8,6.8,0.9,0.0,2.7,3.5,8.4
312,Caron Butler,SF,35,SAC,5,0,48,5.2,12.7,.412,0.0,3.0,.000,5.2,9.7,.538,0.7,1.5,.500,1.5,2.3,3.7,0.0,1.5,0.0,0.7,2.3,11.3
313,Kentavious Caldwell-Pope,SG,22,DET,7,7,266,5.1,11.8,.437,1.4,4.3,.313,3.8,7.4,.509,2.4,2.6,.947,0.5,3.1,3.7,1.5,1.5,0.3,1.4,1.9,14.1
314,Monta Ellis,SG,30,IND,8,8,264,4.9,13.9,.353,0.7,3.1,.217,4.2,10.8,.392,1.6,2.0,.800,0.4,3.3,3.7,5.2,1.6,0.3,2.9,2.5,12.1
315,Evan Fournier,SF,23,ORL,8,8,302,6.8,14.3,.475,2.3,5.8,.388,4.5,8.5,.535,2.3,3.0,.760,0.2,3.5,3.7,2.1,1.2,0.0,1.8,2.9,18.1
316,Mike Muscala,PF,24,ATL,3,0,29,3.7,7.4,.500,1.2,2.5,.500,2.5,5.0,.500,0.0,0.0,,0.0,3.7,3.7,2.5,0.0,0.0,2.5,3.7,8.7
317,C.J. Watson,PG,31,ORL,8,0,156,3.2,8.8,.368,1.2,3.7,.313,2.1,5.1,.409,1.2,1.6,.714,0.9,2.8,3.7,6.0,1.8,0.0,1.4,2.3,8.8
318,Mo Williams,PG,33,CLE,8,8,254,6.8,13.9,.490,2.3,5.5,.410,4.5,8.4,.542,2.8,3.1,.909,0.1,3.5,3.7,6.2,1.0,0.1,2.3,2.1,18.7
319,Goran Dragic,SG,29,MIA,8,8,240,4.6,10.9,.425,0.9,3.0,.300,3.7,7.9,.472,1.9,2.1,.929,0.6,3.0,3.6,4.8,0.7,0.5,2.5,3.3,12.2
320,Doug McDermott,SF,24,CHI,8,3,171,6.9,13.1,.532,4.0,6.9,.576,2.9,6.1,.483,0.8,1.1,.800,0.6,2.9,3.6,1.3,0.2,0.0,1.3,2.9,18.7
321,Bobby Portis,PF,20,CHI,2,0,20,10.8,18.0,.600,0.0,0.0,,10.8,18.0,.600,0.0,0.0,,1.8,1.8,3.6,1.8,1.8,1.8,3.6,3.6,21.6
322,Donald Sloan,PG,28,BRK,2,0,20,0.0,9.0,.000,0.0,0.0,,0.0,9.0,.000,3.6,3.6,1.000,1.8,1.8,3.6,0.0,3.6,0.0,1.8,1.8,3.6
323,Trey Burke,PG,23,UTA,7,0,163,8.0,16.6,.480,2.7,5.1,.522,5.3,11.5,.462,2.2,2.2,1.000,0.4,3.1,3.5,3.3,1.5,0.0,2.9,2.7,20.8
324,Boris Diaw,PF,33,SAS,7,0,134,4.8,8.6,.563,0.8,1.9,.429,4.0,6.7,.600,1.1,1.9,.571,0.5,3.0,3.5,7.0,0.8,1.1,1.9,2.4,11.6
325,Wayne Ellington,SG,28,BRK,7,2,92,3.1,11.3,.276,1.6,5.9,.267,1.6,5.5,.286,0.0,0.0,,0.4,3.1,3.5,1.6,1.6,0.4,0.0,2.0,7.8
326,Ben McLemore,SG,22,SAC,8,4,142,4.1,11.4,.356,1.3,4.3,.294,2.8,7.1,.393,2.3,3.0,.750,0.8,2.8,3.5,2.0,1.3,0.0,3.3,5.1,11.7
327,Jameer Nelson,PG,33,DEN,6,0,144,4.0,12.7,.314,1.7,6.2,.280,2.3,6.5,.346,1.2,1.5,.833,0.2,3.2,3.5,8.0,1.5,0.0,3.7,4.5,11.0
328,Jeff Teague,PG,27,ATL,9,9,284,7.4,16.9,.436,1.1,3.7,.310,6.2,13.2,.471,5.5,6.3,.860,0.5,3.0,3.5,7.5,1.6,0.8,3.8,2.2,21.3
329,Rashad Vaughn,SG,19,MIL,5,0,41,6.1,13.2,.467,3.5,6.1,.571,2.6,7.0,.375,0.0,0.0,,1.8,1.8,3.5,0.0,0.0,0.9,1.8,0.9,15.8
330,J.J. Barea,PG,31,DAL,7,0,160,5.6,14.4,.391,1.8,5.6,.320,3.8,8.8,.436,2.9,3.4,.867,1.1,2.3,3.4,8.1,0.2,0.0,3.4,2.7,16.0
331,Eric Bledsoe,PG,26,PHO,7,7,241,8.2,18.2,.451,1.3,3.9,.346,6.9,14.3,.479,5.1,6.6,.773,0.3,3.1,3.4,6.4,2.2,0.7,3.0,2.7,22.9
332,Courtney Lee,SG,30,MEM,8,8,236,4.3,11.6,.368,0.9,4.3,.214,3.4,7.3,.458,3.1,3.4,.909,0.9,2.4,3.4,1.8,1.7,0.2,0.8,2.3,12.5
333,Lance Thomas,SF,27,NYK,8,0,158,5.5,9.3,.585,1.1,1.6,.714,4.3,7.7,.559,3.0,3.6,.813,0.7,2.7,3.4,0.9,0.2,0.0,1.4,2.7,15.0
334,John Wall,PG,25,WAS,7,7,234,6.6,16.5,.402,1.2,4.6,.267,5.4,11.8,.455,4.6,6.0,.769,0.9,2.5,3.4,8.9,2.6,2.0,4.6,2.8,19.1
335,Deron Williams,PG,31,DAL,6,6,168,6.4,14.6,.441,1.5,4.3,.350,4.9,10.3,.479,2.4,2.4,1.000,0.2,3.2,3.4,6.2,1.1,0.0,1.5,3.4,16.7
336,Robert Covington,SF,25,PHI,1,1,22,1.6,14.7,.111,0.0,8.2,.000,1.6,6.5,.250,3.3,3.3,1.000,0.0,3.3,3.3,0.0,3.3,1.6,3.3,4.9,6.5
337,Rodney Hood,SG,23,UTA,7,7,187,6.4,14.2,.446,1.7,6.5,.265,4.6,7.7,.600,2.3,2.3,1.000,0.6,2.7,3.3,3.9,1.5,0.8,2.1,5.6,16.7
338,Dwyane Wade,SG,34,MIA,8,8,230,8.3,19.3,.431,0.9,2.5,.375,7.4,16.7,.439,5.0,6.3,.800,0.8,2.5,3.3,5.5,1.3,0.9,2.7,2.2,22.5
339,Jose Calderon,PG,34,NYK,8,8,190,3.2,9.9,.327,1.5,4.9,.308,1.7,4.9,.346,0.6,0.6,1.000,0.6,2.7,3.2,4.2,1.1,0.0,1.3,3.2,8.5
340,Raymond Felton,PG,31,DAL,7,3,170,4.7,11.4,.407,0.8,2.3,.364,3.8,9.1,.419,1.1,1.1,1.000,0.6,2.5,3.2,3.8,0.4,0.0,2.3,3.2,11.2
341,Randy Foye,SG,32,DEN,7,0,114,3.8,12.9,.293,2.5,9.5,.267,1.3,3.5,.364,1.3,1.3,1.000,0.0,3.2,3.2,3.2,0.6,0.3,2.2,1.3,11.4
342,Damian Lillard,PG,25,POR,8,8,293,9.5,20.3,.467,3.7,8.6,.429,5.8,11.7,.495,4.4,4.9,.900,0.6,2.6,3.2,7.1,1.1,0.2,3.7,3.1,27.0
343,Allen Crabbe,SG,23,POR,8,1,177,5.1,11.4,.446,1.0,4.1,.250,4.1,7.3,.556,1.0,1.4,.714,0.4,2.6,3.1,1.8,1.4,0.2,1.2,3.3,12.2
344,Mario Hezonja,SF,20,ORL,8,0,118,4.3,11.9,.359,1.8,4.9,.375,2.4,7.0,.348,0.6,0.6,1.000,0.3,2.7,3.1,1.8,0.6,0.0,3.7,3.4,11.0
345,Justin Holiday,SG,26,ATL,6,0,92,4.3,11.0,.393,1.2,5.5,.214,3.1,5.5,.571,0.0,0.0,,0.8,2.3,3.1,2.3,1.6,1.6,1.6,3.1,9.8
346,Shane Larkin,PG,23,BRK,7,1,116,4.7,10.9,.429,0.0,1.2,.000,4.7,9.6,.484,1.6,2.2,.714,0.0,3.1,3.1,6.2,2.2,0.6,3.4,4.3,10.9
347,Patrick Mills,PG,27,SAS,7,0,149,5.8,11.1,.522,2.9,6.3,.462,2.9,4.8,.600,0.2,0.5,.500,0.5,2.7,3.1,5.1,1.9,0.0,1.7,2.7,14.7
348,Brian Roberts,PG,30,CHO,5,0,35,5.1,14.4,.357,0.0,2.1,.000,5.1,12.3,.417,2.1,3.1,.667,0.0,3.1,3.1,1.0,0.0,0.0,1.0,1.0,12.3
349,Dennis Schroder,PG,22,ATL,9,2,208,7.8,17.0,.459,1.9,5.5,.344,5.9,11.4,.515,1.6,1.7,.900,0.5,2.6,3.1,5.9,1.7,0.0,2.9,2.1,19.0
350,Kemba Walker,PG,25,CHO,7,7,221,6.4,14.7,.433,1.3,4.2,.308,5.0,10.4,.484,4.4,5.2,.844,0.7,2.4,3.1,6.2,1.6,0.5,2.3,1.6,18.4
351,Eric Gordon,SG,27,NOP,7,7,251,6.0,15.6,.385,3.2,8.6,.367,2.9,7.0,.408,2.6,3.0,.857,0.6,2.4,3.0,3.2,0.9,0.3,1.7,2.6,17.8
352,Reggie Bullock,SF,24,DET,4,0,25,0.0,5.8,.000,0.0,4.3,.000,0.0,1.4,.000,0.0,0.0,,1.4,1.4,2.9,0.0,0.0,0.0,1.4,2.9,0.0
353,Chris Copeland,PF,31,MIL,8,1,75,5.3,14.9,.355,3.4,10.1,.333,1.9,4.8,.400,1.4,1.4,1.000,0.5,2.4,2.9,1.9,0.5,0.0,1.4,3.8,15.4
354,Wesley Matthews,SG,29,DAL,6,6,151,3.6,11.4,.313,2.4,6.7,.357,1.2,4.8,.250,2.6,3.6,.733,0.5,2.4,2.9,1.9,0.5,0.0,1.2,2.9,12.2
355,James Anderson,SG,26,SAC,7,4,76,3.3,11.8,.280,2.4,7.6,.313,0.9,4.3,.222,2.8,3.3,.857,0.5,2.4,2.8,2.4,1.9,0.5,2.8,1.4,11.8
356,Jerryd Bayless,SG,27,MIL,8,3,245,4.1,10.6,.389,2.2,5.1,.429,1.9,5.4,.351,2.4,2.9,.800,0.3,2.5,2.8,4.3,1.3,0.4,2.4,2.2,12.8
357,Jordan Clarkson,SG,23,LAL,7,7,218,7.4,15.7,.474,1.7,4.0,.417,5.8,11.7,.493,1.8,2.5,.733,0.8,2.0,2.8,2.0,1.3,0.5,2.1,2.0,18.3
358,Tyus Jones,G,19,MIN,1,0,13,0.0,11.1,.000,0.0,0.0,,0.0,11.1,.000,2.8,5.5,.500,0.0,2.8,2.8,2.8,2.8,0.0,0.0,2.8,2.8
359,Elijah Millsap,SG,28,UTA,5,0,26,1.4,9.7,.143,0.0,1.4,.000,1.4,8.3,.167,0.0,0.0,,1.4,1.4,2.8,0.0,1.4,1.4,1.4,9.7,2.8
360,Lamar Patterson,SG,24,ATL,7,0,89,1.6,5.3,.308,1.2,3.2,.375,0.4,2.0,.200,2.4,3.2,.750,0.8,2.0,2.8,3.6,0.8,0.0,1.2,4.0,6.9
361,Jason Terry,SG,38,HOU,5,0,51,2.8,9.2,.308,0.7,6.4,.111,2.1,2.8,.750,0.0,0.0,,0.0,2.8,2.8,4.2,1.4,0.0,0.7,0.7,6.4
362,Devin Booker,SG,19,PHO,4,0,40,7.2,12.6,.571,1.8,2.7,.667,5.4,9.9,.545,0.9,2.7,.333,0.0,2.7,2.7,0.9,1.8,0.9,1.8,5.4,17.1
363,Jamal Crawford,SG,35,LAC,7,0,147,5.6,15.7,.359,1.0,4.9,.200,4.7,10.8,.432,4.9,5.4,.909,0.5,2.2,2.7,2.9,1.0,0.0,1.2,1.2,17.1
364,Raul Neto,PG,23,UTA,7,7,120,3.0,10.2,.294,1.8,5.1,.353,1.2,5.1,.235,0.3,0.6,.500,0.9,1.8,2.7,4.5,2.1,0.3,1.8,2.7,8.1
365,Beno Udrih,PG,33,MEM,8,0,120,6.0,13.8,.435,1.2,3.3,.364,4.8,10.5,.457,0.9,0.9,1.000,0.6,2.1,2.7,7.8,0.9,0.3,3.3,3.3,14.1
366,Nick Young,SG,30,LAL,7,0,135,6.7,15.7,.424,4.8,10.7,.450,1.9,5.1,.368,2.9,2.9,1.000,0.0,2.7,2.7,1.3,1.3,0.8,0.8,1.6,21.1
367,Tony Parker,PG,33,SAS,7,7,183,6.7,12.4,.540,0.4,0.4,1.000,6.3,12.0,.525,1.8,2.6,.692,0.2,2.4,2.6,4.5,0.6,0.0,3.0,2.6,15.5
368,Kevin Martin,SG,32,MIN,6,1,175,6.4,15.0,.425,1.2,4.3,.286,5.1,10.7,.481,7.8,9.3,.844,0.2,2.3,2.5,1.6,0.4,0.0,2.7,3.5,21.8
369,Marcus Smart,PG,21,BOS,3,3,99,4.4,11.3,.387,1.8,5.8,.313,2.5,5.5,.467,2.5,3.6,.700,0.4,2.2,2.5,4.0,2.5,0.7,0.7,3.3,13.1
370,Bojan Bogdanovic,SF,26,BRK,7,0,179,6.2,12.9,.484,1.4,4.2,.333,4.8,8.6,.558,1.8,2.8,.643,0.2,2.2,2.4,1.4,1.2,0.0,2.8,2.2,15.7
371,Ray McCallum,PG,24,SAS,4,0,15,2.4,7.2,.333,0.0,0.0,,2.4,7.2,.333,0.0,0.0,,0.0,2.4,2.4,2.4,4.8,0.0,4.8,4.8,4.8
372,Ronnie Price,PG,32,PHO,7,0,91,4.4,9.5,.458,2.8,6.7,.412,1.6,2.8,.571,2.0,2.0,1.000,0.0,2.4,2.4,4.0,2.8,0.4,2.0,5.1,13.5
373,Vince Carter,SG,39,MEM,1,0,16,2.3,9.0,.250,2.3,6.8,.333,0.0,2.3,.000,0.0,0.0,,0.0,2.3,2.3,0.0,2.3,0.0,2.3,4.5,6.8
374,Jrue Holiday,PG,25,NOP,5,5,110,7.2,17.3,.415,2.3,4.9,.467,4.9,12.4,.395,3.6,4.6,.786,0.0,2.3,2.3,7.9,1.6,0.3,5.6,2.6,20.3
375,C.J. Miles,SF,28,IND,5,4,139,4.7,12.4,.375,3.1,8.0,.387,1.6,4.4,.353,2.6,3.4,.769,0.5,1.8,2.3,1.6,2.6,0.3,2.6,2.8,15.0
376,Marco Belinelli,SG,29,SAC,8,1,223,4.8,13.1,.370,2.4,6.5,.375,2.4,6.6,.366,3.6,4.4,.815,0.3,1.8,2.1,4.0,0.8,0.0,1.8,2.1,15.7
377,Richard Jefferson,SF,35,CLE,8,2,202,4.6,9.4,.491,2.1,4.6,.462,2.5,4.8,.519,1.8,2.7,.667,0.2,2.0,2.1,1.4,0.9,0.2,1.8,3.7,13.2
378,Anthony Morrow,SG,30,OKC,7,0,84,3.0,9.9,.304,2.1,6.9,.313,0.9,3.0,.286,0.0,0.0,,0.4,1.7,2.1,0.4,2.1,0.0,0.9,2.1,8.1
379,Markel Brown,SG,24,BRK,5,3,77,3.7,11.2,.333,1.4,7.0,.200,2.3,4.2,.556,0.9,1.9,.500,0.0,1.9,1.9,3.3,1.4,0.5,1.9,4.2,9.8
380,Gary Neal,SG,31,WAS,7,1,131,6.3,15.4,.411,1.1,4.1,.267,5.2,11.3,.463,2.2,2.2,1.000,0.3,1.6,1.9,1.9,0.8,0.0,1.9,1.6,15.9
381,Jared Cunningham,SG,24,CLE,7,1,84,3.9,8.6,.450,0.9,2.1,.400,3.0,6.4,.467,2.6,5.1,.500,0.0,1.7,1.7,1.7,0.4,0.4,0.9,3.4,11.1
382,Isaiah Thomas,PG,26,BOS,6,3,181,8.2,21.3,.383,1.8,7.0,.257,6.4,14.3,.444,7.8,8.6,.907,0.6,1.0,1.6,7.0,2.2,0.0,3.8,1.6,25.9
383,Pablo Prigioni,PG,38,LAC,2,0,24,0.0,13.5,.000,0.0,9.0,.000,0.0,4.5,.000,0.0,0.0,,0.0,1.5,1.5,4.5,1.5,0.0,1.5,3.0,0.0
384,Darren Collison,PG,28,SAC,6,1,184,6.8,15.1,.455,1.6,3.7,.421,5.3,11.3,.466,3.3,4.5,.739,0.4,1.0,1.4,6.1,1.0,0.0,2.3,2.2,18.6
385,Seth Curry,PG,25,SAC,4,0,27,9.3,13.3,.700,4.0,5.3,.750,5.3,8.0,.667,0.0,0.0,,0.0,1.3,1.3,8.0,0.0,0.0,0.0,0.0,22.7
386,J.J. Redick,SG,31,LAC,7,7,209,6.4,12.4,.514,2.4,5.7,.424,4.0,6.7,.590,3.4,3.6,.952,0.3,0.9,1.2,2.2,0.7,0.2,1.7,2.6,18.6
387,Gerald Green,SG,30,MIA,3,0,65,5.5,17.2,.323,3.9,9.4,.412,1.7,7.8,.214,2.2,2.2,1.000,0.0,1.1,1.1,0.6,0.0,0.0,1.7,3.9,17.2
388,Austin Rivers,SG,23,LAC,7,1,148,4.4,11.2,.391,0.7,3.9,.188,3.6,7.3,.500,2.9,4.1,.706,0.0,1.0,1.0,1.2,1.7,0.7,1.5,3.9,12.4
389,Cole Aldrich,C,27,LAC,2,0,7,5.1,10.3,.500,0.0,0.0,,5.1,10.3,.500,0.0,0.0,,0.0,0.0,0.0,0.0,0.0,0.0,5.1,5.1,10.3
390,Lou Amundson,F,33,NYK,1,0,5,0.0,0.0,,0.0,0.0,,0.0,0.0,,0.0,0.0,,0.0,0.0,0.0,0.0,7.2,0.0,0.0,14.4,0.0
391,Anthony Brown,SF,23,LAL,2,0,7,5.1,10.3,.500,5.1,10.3,.500,0.0,0.0,,10.3,10.3,1.000,0.0,0.0,0.0,0.0,5.1,0.0,0.0,0.0,25.7
392,Pat Connaughton,SG,23,POR,2,0,6,6.0,18.0,.333,6.0,6.0,1.000,0.0,12.0,.000,12.0,12.0,1.000,0.0,0.0,0.0,0.0,0.0,0.0,6.0,0.0,30.0
393,James Ennis,PF,25,MIA,3,0,7,0.0,0.0,,0.0,0.0,,0.0,0.0,,0.0,0.0,,0.0,0.0,0.0,5.1,0.0,0.0,0.0,5.1,0.0
394,Cristiano Felicio,F-C,23,CHI,1,0,1,0.0,0.0,,0.0,0.0,,0.0,0.0,,0.0,0.0,,0.0,0.0,0.0,36.0,0.0,0.0,0.0,0.0,0.0
395,Jimmer Fredette,G,26,NOP,1,0,5,7.2,21.6,.333,0.0,7.2,.000,7.2,14.4,.500,0.0,0.0,,0.0,0.0,0.0,0.0,7.2,0.0,0.0,7.2,14.4
396,Solomon Hill,SF,24,IND,1,0,2,0.0,0.0,,0.0,0.0,,0.0,0.0,,0.0,0.0,,0.0,0.0,0.0,0.0,0.0,0.0,0.0,0.0,0.0
397,Kirk Hinrich,SG,35,CHI,1,0,5,0.0,0.0,,0.0,0.0,,0.0,0.0,,0.0,0.0,,0.0,0.0,0.0,7.2,0.0,0.0,0.0,0.0,0.0
398,Chris Kaman,C,33,POR,1,0,4,0.0,18.0,.000,0.0,0.0,,0.0,18.0,.000,0.0,0.0,,0.0,0.0,0.0,0.0,0.0,0.0,0.0,0.0,0.0
399,Luc Mbah a Moute,PF,29,LAC,5,0,8,0.0,4.5,.000,0.0,0.0,,0.0,4.5,.000,0.0,0.0,,0.0,0.0,0.0,4.5,0.0,0.0,0.0,0.0,0.0
400,Andre Miller,G,39,MIN,3,0,12,0.0,3.0,.000,0.0,0.0,,0.0,3.0,.000,0.0,0.0,,0.0,0.0,0.0,6.0,6.0,0.0,3.0,3.0,0.0
401,Lucas Nogueira,C,23,TOR,1,0,3,12.0,12.0,1.000,0.0,0.0,,12.0,12.0,1.000,12.0,12.0,1.000,0.0,0.0,0.0,0.0,12.0,0.0,0.0,0.0,36.0
402,Cameron Payne,PG,21,OKC,3,0,10,3.6,14.4,.250,0.0,7.2,.000,3.6,7.2,.500,0.0,0.0,,0.0,0.0,0.0,14.4,3.6,0.0,0.0,7.2,7.2
403,Josh Richardson,G,22,MIA,2,0,22,0.0,3.3,.000,0.0,1.6,.000,0.0,1.6,.000,1.6,3.3,.500,0.0,0.0,0.0,3.3,1.6,0.0,1.6,4.9,1.6
404,Nate Robinson,PG,31,NOP,2,1,23,0.0,1.6,.000,0.0,1.6,.000,0.0,0.0,,0.0,0.0,,0.0,0.0,0.0,6.3,1.6,0.0,0.0,7.8,0.0
405,Shayne Whittington,PF,24,IND,1,0,2,0.0,0.0,,0.0,0.0,,0.0,0.0,,0.0,0.0,,0.0,0.0,0.0,0.0,0.0,0.0,36.0,18.0,0.0
406,Jeff Withey,C,25,UTA,1,0,1,0.0,0.0,,0.0,0.0,,0.0,0.0,,0.0,0.0,,0.0,0.0,0.0,0.0,0.0,0.0,0.0,0.0,0.0
407,James Young,G-F,20,BOS,1,0,1,0.0,0.0,,0.0,0.0,,0.0,0.0,,0.0,0.0,,0.0,0.0,0.0,0.0,0.0,0.0,0.0,0.0,0.0
408,Joseph Young,PG,23,IND,2,0,4,0.0,0.0,,0.0,0.0,,0.0,0.0,,0.0,0.0,,0.0,0.0,0.0,0.0,0.0,0.0,9.0,9.0,0.0